Event Index Number,Ho et al. origin time,Reproduced longitude,Reproduced latitude,Reproduced depth (km),Origin time without near source,Latitude without near source,Longitude without near source,Depth without near source (km),Origin time with STAR,Latitude with STAR,Longitude with STAR,Depth with STAR (km)
1,2001-12-01T22:29:50.577004,160.92788144948278,-75.09811729,24.179688,2001-12-01T22:29:50.319754,-75.07509813,160.82828382163044,24.53125,,,,
2,2001-12-02T03:53:59.703929,161.20231207509562,-75.26336028,-4.648438,2001-12-02T03:53:59.821473,-75.28784357,161.21355830609028,-4.296875,,,,
3,2001-12-03T03:02:28.250918,161.16915618979988,-75.09120949,-4.648438,2001-12-03T03:02:28.574191,-75.18379153,160.88509503901898,120.859375,,,,
4,2001-12-03T08:16:32.335760,160.6572635677807,-75.57396829,141.601562,,,,,,,,
5,2001-12-04T03:15:42.097855,160.8256328358783,-75.17379776,-4.648438,2001-12-04T03:15:42.434013,-75.3954419,160.29678354961246,143.359375,,,,
6,2001-12-05T02:27:51.274041,161.05849408378398,-75.2014357,-4.824219,2001-12-05T02:27:51.167269,-75.18535021,161.11654484718846,-4.296875,,,,
7,2001-12-06T12:03:29.697942,161.19172164024582,-74.94279384,-4.648438,2001-12-06T12:03:29.823045,-74.89465162,161.12592227281485,82.1875,,,,
8,2001-12-09T06:03:26.594844,160.90906984235696,-75.28482678,-4.648438,2001-12-09T06:03:26.492912,-75.1899149,161.16879879476895,-2.890625,,,,
9,2001-12-09T18:05:16.635301,160.80540466856158,-75.36052902,-4.648438,2001-12-09T18:05:16.794254,-75.61998524,160.69776338225873,134.921875,,,,
10,2001-12-10T06:55:57.153804,160.97834157494006,-75.07671246,71.113281,2001-12-10T06:55:56.570654,-75.08434774,160.93186421775204,86.40625,,,,
11,2001-12-11T08:39:52.092507,160.6705368981421,-75.32973596,-4.648438,2001-12-11T08:39:52.720167,-75.32573258,160.5726711346941,-4.296875,,,,
12,2001-12-11T09:25:53.186997,160.87668133385796,-75.30317724,-4.824219,2001-12-11T09:25:54.023046,-75.4256418,160.8490739367375,125.078125,,,,
13,2001-12-13T11:06:53.684780,160.37109182212114,-75.22726146,-4.648438,2001-12-13T11:06:54.403842,-75.21088801,160.55532660419482,-4.296875,,,,
14,2001-12-14T18:48:12.203592,161.18388200388944,-75.13481099,-4.296875,2001-12-14T18:48:12.353550,-75.00369633,161.73003538335217,24.53125,,,,
15,2001-12-16T20:59:29.972033,160.9651035496151,-75.09201031,-4.648438,2001-12-16T20:59:29.690059,-75.11496894,161.06502899059984,115.9375,,,,
16,2001-12-18T18:22:45.181632,161.15297751141813,-75.37668033,-4.296875,,,,,,,,
17,2001-12-19T13:33:50.922391,161.1163071326363,-75.21825637,-4.648438,2001-12-19T13:33:51.790119,-75.22361035,161.12375510283624,-4.296875,,,,
18,2001-12-19T20:04:15.228454,161.08111539602643,-75.3751774,-4.648438,,,,,,,,
19,2001-12-20T02:40:29.369192,161.0895367,-75.28178828,-4.648438,2001-12-20T02:40:28.861797,-75.2572992,161.07850330473335,-4.296875,,,,
20,2001-12-20T13:00:06.859643,161.17446829466627,-75.16925027,81.660156,2001-12-20T13:00:06.235040,-75.20676345,161.14630286284915,-4.296875,,,,
21,2001-12-20T21:41:04.888332,161.18388200388944,-75.13481099,-2.890625,2001-12-20T21:41:06.140219,-75.58820277,160.23052113882696,162.34375,,,,
22,2001-12-21T01:08:50.732974,160.90887603075151,-75.46855816,120.859375,,,,,,,,
23,2001-12-22T00:05:07.960165,161.0440738433926,-75.15781967,84.121094,2001-12-22T00:05:08.029946,-75.3928925,160.4787529427248,139.140625,,,,
24,2001-12-23T07:21:55.999935,160.74103895290395,-75.36428428,-4.648438,2001-12-23T07:21:56.821920,-75.38735654,160.84249005633058,-4.296875,,,,
25,2001-12-24T12:32:22.657364,160.56839318160678,-75.16959102,69.882812,2001-12-24T12:33:07.678215,-77.24016811,158.31125356284312,16.796875,,,,
26,2001-12-27T09:14:33.415894,160.7631007889126,-75.08574086,64.082031,2001-12-27T09:14:33.785877,-74.97569003,160.8750910713101,44.921875,,,,
27,2002-01-13T17:51:14.171358,160.69897390332073,-75.58705198,145.117188,,,,,,,,
28,2002-01-14T09:22:58.772969,165.17542268202155,-76.3821245,174.296875,2002-01-14T09:23:36.780788,-76.90196586,157.04853703215505,16.09375,,,,
29,2002-01-14T17:01:26.613840,160.6624272595465,-75.44226284,57.226562,2002-01-14T17:01:28.398605,-75.39487024,160.71350550045202,40.703125,,,,
30,2002-01-20T07:14:11.171752,160.13839499217445,-75.53731272,159.882812,,,,,,,,
31,2002-01-22T19:23:26.015809,161.1625565644424,-74.88851439,-4.296875,2002-01-22T19:23:23.926936,-74.95569122,160.75792282032415,145.46875,,,,
32,2002-01-26T13:35:32.425496,160.95133151908453,-74.83195566,70.234375,2002-01-26T13:35:30.777429,-74.91278372,160.700609,120.15625,,,,
33,2002-03-06T04:41:39.858038,159.86413973943934,-75.2420463,125.078125,,,,,,,,
34,2002-11-15T13:01:19.304167,162.0587893908849,-74.94732949,78.671875,2002-11-15T13:01:18.846893,-75.19787607,162.14785231205892,147.578125,,,,
35,2002-11-15T14:54:46.092301,162.01411535248246,-75.07453202,68.828125,2002-11-15T14:54:46.104887,-75.14032458,162.0176601356518,69.53125,,,,
36,2002-11-19T13:00:56.884876,160.8777545041481,-75.17843014,-4.648438,2002-11-19T13:00:56.486055,-75.17618443,161.01213478577668,-4.296875,,,,
37,2002-11-20T11:36:37.512499,162.35893444673076,-75.02835313,1.328125,2002-11-20T11:36:38.834748,-74.94562657,162.37466350452024,18.90625,,,,
38,2002-11-21T12:18:02.522605,160.55669978438303,-75.26293407,-4.648438,2002-11-21T12:18:03.296252,-75.09654424,160.85740038341928,25.9375,,,,
39,2002-11-21T15:11:45.760554,161.2962406580005,-75.28087181,125.429688,,,,,,,,
40,2002-11-21T15:29:52.531560,161.3939950184911,-75.28456137,-0.078125,,,,,,,,
41,2002-11-23T02:48:56.398916,161.0978508,-75.18841774,72.695312,2002-11-23T02:48:57.044378,-75.19446744,161.2210853,5.546875,,,,
42,2002-11-24T16:23:45.174692,161.37161377655113,-75.30143586,6.953125,,,,,,,,
43,2002-11-27T02:35:35.902200,161.25834822122016,-75.15540615,-4.648438,2002-11-27T02:35:35.788834,-75.14389586,161.28810452716223,-4.296875,,,,
44,2002-11-27T14:55:30.863571,161.1686786202914,-75.22282143,-4.648438,2002-11-27T14:55:30.880663,-75.27872041,160.9467770385371,114.179688,,,,
45,2002-11-28T00:41:32.636291,160.96846915840956,-75.32771443,-4.648438,2002-11-28T00:41:32.588159,-75.33383681,161.0928327503939,-4.296875,,,,
46,2002-11-28T01:46:39.678744,161.17954873127363,-75.3460432,-4.648438,2002-11-28T01:46:39.788972,-75.3460432,161.17954873127363,-4.648438,,,,
47,2002-11-28T02:31:24.353105,161.84541826325156,-75.11653461,11.171875,2002-11-28T02:31:22.820131,-75.12278839,161.80850366302664,4.84375,,,,
48,2002-11-28T11:05:12.752879,161.6975715573582,-75.14151354,39.296875,,,,,,,,
49,2002-11-29T12:07:32.204651,161.28103208742675,-75.2372639,78.671875,2002-11-29T12:07:32.682210,-75.32925292,161.04008462661264,101.171875,,,,
50,2002-11-29T17:49:51.214754,160.94894079887737,-75.36368674,-4.648438,2002-11-29T17:49:51.348660,-75.37671152,160.9903081582666,-4.648438,,,,
51,2002-11-29T18:26:56.908646,160.98683643982716,-75.35757265,-4.648438,,,,,,,,
52,2002-11-29T22:12:18.704276,161.55795732599074,-75.05925545,88.164062,2002-11-29T22:12:19.030613,-75.24630525,161.38604638795752,129.296875,,,,
53,2002-11-30T10:39:35.614909,161.20622498080715,-75.11796133,-4.296875,2002-11-30T10:39:31.932790,-75.50677396,161.24396476772216,172.1875,,,,
54,2002-11-30T10:56:49.973223,161.5845941545826,-75.23977871,12.929688,,,,,,,,
55,2002-11-30T11:16:26.029152,161.58799649714578,-75.22599406,15.390625,,,,,,,,
56,2002-11-30T18:30:27.559312,161.5051274097079,-75.20016509,1.328125,,,,,,,,
57,2002-11-30T19:19:26.851535,161.69418090581928,-75.26780031,45.976562,,,,,,,,
58,2002-12-01T16:08:18.194954,161.60069289575662,-75.13795697,-4.648438,2002-12-01T16:08:17.831252,-75.11883844,161.59648453472678,-4.648438,,,,
59,2002-12-02T04:57:19.511679,160.95140257435492,-75.23203591,-4.648438,2002-12-02T04:57:20.137207,-75.07809653,161.28781076811092,35.78125,,,,
60,2002-12-08T06:04:52.508291,161.2210570210647,-75.55657173,-4.648438,2002-12-08T06:04:51.912278,-75.19041649,161.72156851906172,7.65625,,,,
61,2002-12-10T08:45:52.301513,161.53199774979242,-75.05702072,-4.648438,2002-12-10T08:45:52.526394,-74.97969265,161.55984124356493,87.109375,,,,
62,2002-12-11T05:25:04.414517,161.16843657355417,-75.28864156,64.257812,2002-12-11T05:25:04.373239,-75.36752742,161.0471644843228,-4.296875,,,,
63,2002-12-14T05:04:45.950635,160.85983927108808,-75.29933819,-4.648438,2002-12-14T05:04:45.920247,-75.30321703,160.95760480540918,-4.296875,,,,
64,2002-12-15T01:02:07.840704,161.07036988590175,-75.3177674,-4.648438,2002-12-15T01:02:46.986016,-76.55708759,158.7243627572049,27.34375,,,,
65,2002-12-15T04:12:14.091883,161.2663104252336,-75.32530044,-4.648438,2002-12-15T04:12:14.340502,-75.32155514,161.16831472742356,-4.296875,,,,
66,2002-12-16T06:35:45.898950,161.3725135,-75.02443025,78.320312,2002-12-16T06:35:46.060699,-75.09330992,161.35466406410293,-4.296875,,,,
67,2002-12-16T07:21:28.195414,161.14613186843536,-75.23967117,64.960938,2002-12-16T07:21:28.083170,-75.30924864,161.24366906639588,-4.296875,,,,
68,2002-12-16T08:35:46.835198,161.29368093716303,-75.52510047,-4.648438,2002-12-16T08:35:45.759238,-75.50073768,160.95396227791144,128.59375,,,,
69,2002-12-16T20:42:17.196919,161.07527549133127,-75.2052591,60.742188,2002-12-16T20:42:17.301745,-75.47611067,160.7791973554273,132.109375,,,,
70,2002-12-17T00:54:48.355993,161.17954873127363,-75.3460432,-4.648438,2002-12-17T00:54:48.619252,-75.43488817,160.9551875648428,118.046875,,,,
71,2002-12-17T02:47:32.946237,161.22858819022517,-75.26563452,62.148438,2002-12-17T02:47:32.690843,-75.35068296,161.07002515124861,-4.296875,,,,
72,2002-12-17T03:35:52.169794,161.06325327674398,-75.27949775,-4.648438,2002-12-17T03:35:52.311546,-75.30470018,161.19096273968574,-4.296875,,,,
73,2002-12-17T07:40:23.023264,161.15344673702882,-75.27793487,55.820312,2002-12-17T07:40:21.309815,-75.33065067,161.27386866082213,-4.296875,,,,
74,2002-12-17T10:32:18.305344,160.99135838673536,-75.31087937,-4.648438,2002-12-17T10:32:18.573829,-75.31241057,161.06289329916726,-4.296875,,,,
75,2002-12-17T11:00:25.391520,161.08656961908255,-75.19683862,60.742188,2002-12-17T11:00:24.130145,-75.27414112,161.0557989424793,-4.296875,,,,
76,2002-12-17T14:22:35.588516,161.5730180020852,-75.06992987,-4.648438,2002-12-17T14:22:35.520651,-75.03926489,161.5981688,-4.296875,,,,
77,2002-12-18T03:46:36.346505,161.34832330158912,-75.21957592,62.148438,2002-12-18T03:46:36.783516,-75.45323283,161.16782184992354,122.265625,,,,
78,2002-12-18T06:04:56.495511,161.0176872,-75.31317844,-4.648438,2002-12-18T06:04:56.729473,-75.33076872,161.11171520907533,-4.648438,,,,
79,2002-12-19T05:50:54.793297,160.6853846631932,-76.15260402,8.007812,2002-12-19T05:50:55.341844,-75.32312406,161.07785198804814,-0.78125,,,,
80,2002-12-23T00:20:53.535183,161.6804602859615,-75.54806729,-4.648438,2002-12-23T00:20:52.513704,-75.21047979,162.07384031290565,28.046875,,,,
81,2002-12-23T04:48:08.760826,160.94401347852732,-75.22667614,58.984375,2002-12-23T04:48:07.791566,-75.30470018,161.19096273968574,-4.296875,,,,
82,2002-12-23T19:18:03.419838,161.32693270136528,-75.36809685,-4.648438,2002-12-23T19:18:03.681878,-75.35059471,161.23240180250906,-4.648438,,,,
83,2002-12-23T21:03:16.885558,160.74949784208022,-75.33673639,-4.648438,2002-12-23T21:03:47.189364,-76.45420465,159.28339579792183,63.90625,,,,
84,2002-12-24T00:38:08.124409,160.92052169615533,-75.27641325,-4.648438,2002-12-24T00:38:08.323964,-75.3014927,160.72429833466276,-4.296875,,,,
85,2002-12-24T18:15:40.682488,161.3148023157173,-75.24487668,1.679688,2002-12-24T18:15:41.798648,-75.25412542,161.2585928004152,64.609375,,,,
86,2002-12-25T04:04:01.478188,160.77818037565433,-75.50903654,131.054688,2002-12-25T04:04:01.714942,-75.33383681,161.0928327503939,-4.296875,,,,
87,2002-12-25T14:49:16.132306,161.01071122437585,-75.27490752,-4.648438,,,,,,,,
88,2002-12-25T19:26:40.697721,161.05728895848094,-75.14251493,71.640625,2002-12-25T19:26:41.182077,-75.29556653,161.08564916615381,-4.296875,,,,
89,2002-12-26T00:10:03.147858,161.13444322027325,-75.3139191,-4.648438,2002-12-26T00:10:03.277832,-75.30924864,161.24366906639588,-4.296875,,,,
90,2002-12-26T00:52:20.412680,161.01513135109022,-75.22822211,56.523438,2002-12-26T00:52:20.840129,-75.21290221,161.10886458023572,13.28125,,,,
91,2002-12-26T02:34:14.883643,161.12353303122075,-75.25651926,61.445312,2002-12-26T02:34:15.125183,-75.33537554,161.0022854242962,-2.1875,,,,
92,2002-12-26T03:27:02.222960,161.45535187034696,-75.36023576,-4.648438,2002-12-26T03:27:02.575239,-75.68761104,160.93495973731302,151.09375,,,,
93,2002-12-26T07:06:45.104785,161.2661113343985,-75.25947508,84.648438,2002-12-26T07:06:45.164867,-75.30470018,161.19096273968574,-4.296875,,,,
94,2002-12-26T09:24:29.557355,161.3371625311469,-75.22800991,68.476562,2002-12-26T09:24:29.235938,-75.30924864,161.24366906639588,-4.296875,,,,
95,2002-12-26T15:29:48.817265,161.37060625241767,-75.20270674,66.367188,2002-12-26T15:29:48.529507,-75.28784357,161.21355830609028,-4.296875,,,,
96,2002-12-28T00:51:20.570115,161.2927086161391,-75.3275675,-4.648438,2002-12-28T00:51:20.682999,-75.33383681,161.0928327503939,-4.296875,,,,
97,2002-12-28T01:21:26.678333,161.3864165932124,-75.2792157,-4.648438,2002-12-28T01:21:26.256625,-75.27218074,161.46896669592272,-4.296875,,,,
98,2002-12-28T02:16:57.932506,160.15064595231286,-75.42478623,124.726562,2002-12-28T02:16:57.954189,-75.31542778,160.8820406901189,-4.296875,,,,
99,2002-12-29T02:36:49.932705,161.28050661748978,-75.10564782,80.078125,2002-12-29T02:36:50.838418,-75.17880018,161.4748593151446,-4.296875,,,,
100,2002-12-29T06:57:23.413757,161.56250219221715,-75.25667039,69.882812,2002-12-29T06:57:23.704253,-75.23044898,161.64054106609757,8.359375,,,,
101,2002-12-29T14:45:42.008443,161.45624886326888,-75.18189752,-4.648438,2002-12-29T14:45:41.894371,-75.23870316,161.35223572325904,114.179688,,,,
102,2002-12-29T19:01:33.501511,161.51950904040942,-75.356278,-4.648438,2002-12-29T19:01:34.328494,-75.67834984,160.82696754978272,151.09375,,,,
103,2002-12-30T06:57:25.012613,161.15682278841362,-75.36289852,-4.648438,2002-12-30T06:57:25.153030,-75.3598249,161.1757295466063,-4.296875,,,,
104,2002-12-30T07:38:17.630249,161.4548233108013,-75.32731969,78.671875,2002-12-30T07:38:17.757636,-75.385784,161.25892418147296,-4.296875,,,,
105,2002-12-30T14:45:48.913050,161.49179862531636,-75.28820855,-0.429688,2002-12-30T14:45:48.749607,-75.25529768,161.4911904354896,1.328125,,,,
106,2002-12-31T03:17:57.047851,161.2057470034981,-75.54586238,-4.648438,2002-12-31T03:17:57.436072,-75.21255587,161.4305552989595,47.734375,,,,
107,2002-12-31T17:16:24.436196,161.4395826624396,-75.31663127,-0.78125,,,,,,,,
108,2002-12-31T18:00:40.005083,160.87133099932544,-75.2909269,-4.648438,2002-12-31T18:00:40.402536,-75.73897337,160.43724070591998,160.9375,,,,
109,2002-12-31T23:18:11.903249,161.47362042332864,-75.32422148,99.414062,2002-12-31T23:18:11.935681,-75.36108224,161.41001827354458,108.203125,,,,
110,2003-01-04T00:37:33.465491,161.2917624139762,-75.13011877,-4.648438,2003-01-04T00:37:33.940728,-75.24658727,161.06361163119666,125.78125,,,,
111,2003-01-04T14:21:20.525447,161.3421442792081,-75.37879403,-4.648438,2003-01-04T14:21:20.610826,-75.37344554,161.33453565706682,-4.296875,,,,
112,2003-01-04T20:27:18.202926,161.29239037562755,-75.26174185,64.257812,2003-01-04T20:27:18.021555,-75.35526007,161.12286066175238,-4.296875,,,,
113,2003-01-05T21:31:45.723306,161.2550206802398,-75.33373228,-4.648438,2003-01-05T21:31:45.811110,-75.33065067,161.27386866082213,-4.296875,,,,
114,2003-01-06T02:39:48.789309,161.2060444810359,-75.28249183,62.148438,2003-01-06T02:39:48.886731,-75.36752742,161.0471644843228,-4.296875,,,,
115,2003-01-07T03:40:48.948651,161.30397168116752,-75.3191339,-4.648438,2003-01-07T03:40:49.207119,-75.31378483,161.29640837599877,-4.296875,,,,
116,2003-01-07T22:39:38.917631,161.2512106281639,-75.31459943,-4.648438,,,,,,,,
117,2003-01-08T16:55:56.863668,160.99239912333238,-75.24505657,64.960938,2003-01-08T16:55:56.737488,-75.33687803,160.91171910807938,-4.296875,,,,
118,2003-01-08T22:43:29.156286,161.08656961908255,-75.19683862,-4.648438,2003-01-08T22:44:01.881346,-76.41233237,159.02850573725243,28.75,,,,
119,2003-01-09T05:59:21.381159,161.10757544562608,-75.37746632,-4.648438,2003-01-09T05:59:21.405763,-75.39809757,161.18318367826137,-4.296875,,,,
120,2003-01-10T04:34:11.459640,161.2135387578572,-75.32075711,-4.648438,2003-01-10T04:34:10.125457,-75.17006231,161.04951981462662,4.84375,,,,
121,2003-01-11T08:02:32.383325,161.68755148831715,-75.29537565,89.570312,2003-01-11T08:02:32.686113,-75.3318067,161.50769376049874,-4.296875,,,,
122,2003-01-11T19:53:40.794108,160.9707313676789,-74.97955998,-4.648438,2003-01-11T19:53:40.889372,-74.98182578,161.15481688772616,-4.296875,,,,
123,2003-01-12T01:39:33.296527,160.74547363218926,-75.1147928,-4.296875,2003-01-12T01:39:33.292743,-75.12721077,160.99052065589018,-3.59375,,,,
124,2003-01-12T06:59:08.105336,161.35676563754848,-75.3236561,-4.648438,2003-01-12T06:59:08.580603,-75.75781092,160.6537823502258,160.9375,,,,
125,2003-01-12T09:14:51.285443,161.58037754026026,-75.22065563,-4.648438,2003-01-12T09:14:51.007893,-75.4425223,161.15266116591647,153.90625,,,,
126,2003-01-13T02:52:43.361421,160.93374189045375,-75.93740957,-1.132812,2003-01-13T02:52:45.933564,-75.25247849,160.7034651952068,2.03125,,,,
127,2003-01-13T22:08:21.638882,160.92859091657112,-75.24886404,67.773438,2003-01-13T22:08:22.018697,-75.32004839,160.93468853911642,-1.484375,,,,
128,2003-01-14T03:05:46.550866,161.30785250222473,-75.33826604,-4.648438,2003-01-14T03:05:47.144796,-75.33518,161.32669514127923,-4.296875,,,,
129,2003-01-14T21:24:46.767687,160.69993148466813,-75.35121451,-4.648438,2003-01-14T21:24:46.633696,-75.33042532,160.62525727737537,-4.296875,,,,
130,2003-01-15T02:43:38.375545,160.5946920842011,-75.42683079,-4.648438,2003-01-15T02:43:35.494887,-75.58651672,161.07518649373438,165.15625,,,,
131,2003-01-15T11:45:27.605278,161.21357781126494,-75.25493237,72.695312,2003-01-15T11:45:27.572544,-75.15123827,161.48183519543645,20.3125,,,,
132,2003-01-16T04:21:39.225538,161.27014317640655,-75.34443347,-4.648438,2003-01-16T04:22:05.658500,-77.02707955,159.06029003010295,28.75,,,,
133,2003-01-17T01:29:54.385135,160.80540466856158,-75.36052902,-4.648438,2003-01-17T01:29:54.258584,-75.3658949,160.81281075802607,-4.296875,,,,
134,2003-01-18T12:54:26.021295,160.98790095602104,-75.29174323,-4.648438,2003-01-18T12:54:26.090247,-75.29556653,161.08564916615381,-4.296875,,,,
135,2003-01-30T01:03:58.278931,160.79703834507666,-75.3880804,-4.648438,2003-01-30T01:03:58.981003,-75.38735654,160.84249005633058,-4.296875,,,,
136,2003-01-30T14:19:01.040310,161.13978139961634,-75.03690922,88.515625,2003-01-30T14:19:00.900353,-75.13481099,161.18388200388944,-4.296875,,,,
137,2003-01-31T12:21:35.003179,160.72941330214115,-75.37269023,-4.648438,2003-01-31T12:21:33.232734,-75.3658949,160.81281075802607,-4.296875,,,,
138,2003-02-01T09:02:48.076157,161.0557989424793,-75.27414112,-4.296875,2003-02-01T09:02:48.568485,-75.32155514,161.16831472742356,-4.296875,,,,
139,2003-02-04T22:10:45.482721,161.68441486617303,-75.19665074,-4.296875,2003-02-04T22:10:45.725082,-75.21255587,161.4305552989595,-4.296875,,,,
140,2003-02-06T07:49:07.600907,160.97386063484532,-76.11527195,22.421875,2003-02-06T07:49:07.875992,-78.59221397,153.37280557017593,-3.59375,,,,
141,2003-02-08T07:23:23.023569,160.60643981880858,-75.41843079,-4.648438,2003-02-08T07:23:22.206353,-75.40700148,160.63725617621148,-4.296875,,,,
142,2003-02-08T11:07:13.434997,162.0236017783632,-75.1127493,64.609375,2003-02-08T11:07:14.152954,-75.04102189,162.28595035248063,25.234375,,,,
143,2003-02-08T14:30:19.724683,160.73385548652928,-75.24104018,-4.648438,2003-02-08T14:30:20.625034,-75.02620653,161.12506696078816,27.34375,,,,
144,2003-02-09T08:11:39.074109,161.19837466258844,-75.37588525,-4.648438,2003-02-09T08:11:39.155344,-75.37588525,161.19837466258844,-4.648438,,,,
145,2003-02-09T11:57:04.653335,161.20597110198608,-75.34832049,-4.648438,,,,,,,,
146,2003-02-09T12:42:56.654739,160.04785388824575,-75.94152235,-4.296875,2003-02-09T12:43:45.894848,-76.98800984,158.18065052579956,3.4375,,,,
147,2003-02-10T00:08:45.399049,161.28143244755836,-75.33600069,-4.648438,,,,,,,,
148,2003-02-10T02:02:49.735392,161.1908919076894,-75.33761491,-4.648438,2003-02-10T02:02:49.420765,-75.33518,161.32669514127923,-4.296875,,,,
149,2003-02-10T11:41:38.784217,161.15682278841362,-75.36289852,-4.648438,,,,,,,,
150,2003-02-11T00:01:40.596765,161.37523216953616,-75.28765268,-4.648438,2003-02-11T00:01:41.150258,-75.29383067,161.33768256559662,-4.648438,,,,
151,2003-02-11T02:54:33.249730,160.7957584328533,-75.30310844,-4.648438,2003-02-11T02:54:33.375857,-75.29860194,160.90501058613964,-4.296875,,,,
152,2003-02-11T03:20:41.022037,161.10860906922684,-75.24581034,60.742188,2003-02-11T03:20:40.721390,-75.34609357,161.01722297172577,-4.296875,,,,
153,2003-02-11T07:05:29.494510,161.3382073487696,-75.35966081,-4.648438,2003-02-11T07:05:30.001596,-75.37344554,161.33453565706682,-4.296875,,,,
154,2003-02-11T11:41:39.958804,160.5213760142554,-75.37308635,-4.648438,2003-02-11T11:41:40.080548,-75.37779148,160.57411761913676,-4.648438,,,,
155,2003-02-11T11:59:09.631680,160.5917327149886,-75.40768425,-4.648438,2003-02-11T11:59:09.976606,-75.4163462,160.74309669876308,-4.296875,,,,
156,2003-02-11T13:04:14.409404,161.17954873127363,-75.3460432,-4.648438,,,,,,,,
157,2003-02-11T17:19:17.577964,160.8744762897469,-75.15929781,-4.648438,2003-02-11T17:19:17.684353,-75.28468347,160.74742845048576,126.484375,,,,
158,2003-02-11T20:09:53.730710,161.33768256559662,-75.29383067,-4.648438,2003-02-11T20:09:53.963940,-75.29238659,161.2662106320708,-4.296875,,,,
159,2003-02-11T22:46:38.697904,161.31564489756983,-75.37653248,-4.648438,,,,,,,,
160,2003-02-12T03:59:38.389165,161.23240180250906,-75.35059471,-3.242188,2003-02-12T03:59:38.724397,-75.35526007,161.12286066175238,-4.296875,,,,
161,2003-02-12T04:26:54.796580,161.12286066175238,-75.35526007,-4.296875,,,,,,,,
162,2003-02-12T22:45:29.280165,161.07593313163707,-75.1394511,-4.648438,2003-02-12T22:45:26.979307,-75.28943052,161.1233099216037,137.03125,,,,
163,2003-02-12T22:54:25.495900,161.2550206802398,-75.33373228,-4.648438,2003-02-12T22:54:25.561253,-75.34216369,161.24371782100616,-4.648438,,,,
164,2003-02-13T08:13:21.486594,161.87258176694317,-75.31083461,69.882812,2003-02-13T08:13:21.975632,-75.2230594,161.99970075568496,28.046875,,,,
165,2003-02-14T06:04:28.178448,161.2661113343985,-75.25947508,68.476562,2003-02-14T06:04:27.318845,-75.32610904,161.22107514741762,-4.296875,,,,
166,2003-02-15T08:18:41.562985,160.82294588214094,-75.27251862,-4.296875,2003-02-15T08:18:42.212977,-75.28177438,160.92792740412906,-4.296875,,,,
167,2003-02-16T08:14:26.597477,161.49468455414058,-75.241514,69.179688,2003-02-16T08:14:26.525416,-75.34135053,161.28900184761127,-3.59375,,,,
168,2003-02-17T02:48:16.060900,160.78740693102162,-75.33065605,-4.648438,2003-02-17T02:48:16.799207,-75.33042532,160.62525727737537,-4.296875,,,,
169,2003-02-19T06:51:05.876694,161.40037035500558,-75.19118034,58.984375,2003-02-19T06:51:06.884659,-75.23667033,161.60325107294906,59.6875,,,,
170,2003-02-23T04:30:29.230791,160.85983927108808,-75.29933819,-4.648438,2003-02-23T04:30:29.042358,-75.29860194,160.90501058613964,-4.296875,,,,
171,2003-02-23T14:45:04.582205,160.90618164171102,-74.89846326,22.773438,2003-02-23T14:45:04.783898,-75.09607081,160.5382522054624,-4.296875,,,,
172,2003-02-25T07:10:07.500340,160.93662977787844,-75.22131619,-1.132812,2003-02-25T07:10:07.853196,-75.2649451,160.95079132054408,-4.296875,,,,
173,2003-02-27T02:40:04.167766,161.1428459515577,-75.15473009,51.601562,2003-02-27T02:40:05.390527,-75.18077338,161.0643235144443,12.578125,,,,
174,2003-02-27T03:12:44.970281,160.66572437305084,-75.25854376,-4.296875,2003-02-27T03:13:16.298513,-76.73422419,158.45670039339353,88.515625,,,,
175,2003-02-27T17:32:56.428700,161.3753837581866,-74.94487556,68.828125,2003-02-27T17:32:56.256243,-74.85606437,161.4329003,13.984375,,,,
176,2003-03-02T05:21:02.885864,160.54089086055683,-75.76219919,-1.835938,2003-03-02T05:21:03.276047,-75.19451375,160.8997923195514,16.09375,,,,
177,2003-11-01T01:10:10.693589,161.0277903047326,-75.12109292,63.203125,2003-11-01T01:10:10.676967,-75.00784191,160.9186062,18.90625,,,,
178,2003-11-11T00:05:08.487719,160.66749741379036,-75.31059443,-4.648438,2003-11-11T00:05:09.108789,-75.3020865,160.31025185843177,-4.296875,,,,
179,2003-11-12T08:52:17.126991,160.8037073611752,-75.1577076,-4.296875,2003-11-12T08:52:17.493156,-75.17451797,160.78084194409425,-4.296875,,,,
180,2003-11-15T07:35:54.665415,160.78716880503674,-75.21278736,-4.296875,2003-11-15T07:36:32.881106,-76.67461149,159.1845050440906,52.65625,,,,
181,2003-11-15T11:31:09.215937,160.65026601944638,-75.36568221,-4.648438,2003-11-15T11:31:09.361911,-75.35190978,160.65458612966512,-4.296875,,,,
182,2003-11-15T22:55:45.370013,161.31846028332185,-75.23109611,89.21875,2003-11-15T22:55:45.160484,-75.06575697,161.36182381904976,25.9375,,,,
183,2003-11-16T04:59:11.123906,161.34052904837566,-75.18132362,71.992188,2003-11-16T04:59:11.617600,-75.09438381,161.5847318196603,26.640625,,,,
184,2003-11-16T06:50:39.959038,161.16551989506473,-75.07208532,88.867188,2003-11-16T06:50:39.719537,-75.19761108,161.04172147355428,111.015625,,,,
185,2003-11-16T07:21:29.556859,161.46082852412292,-75.23392834,78.671875,2003-11-16T07:21:29.696333,-75.19665074,161.68441486617303,21.015625,,,,
186,2003-11-16T12:01:57.561102,160.9467770385371,-75.27872041,60.742188,2003-11-16T12:01:57.077224,-75.35370594,160.8886963344821,-4.296875,,,,
187,2003-11-18T03:49:15.809531,160.46311405515476,-75.33007832,-4.648438,2003-11-18T03:49:16.730286,-75.32361018,160.33905712113776,-4.296875,,,,
188,2003-11-18T12:50:12.871556,161.29574212205927,-75.18214685,51.953125,2003-11-18T12:50:13.195226,-75.14503825,161.5189597954839,25.234375,,,,
189,2003-11-19T00:05:55.085045,160.7705052200628,-75.26787248,-4.296875,2003-11-19T00:05:54.857448,-75.2491665,160.56107775276178,-4.296875,,,,
190,2003-11-19T10:40:41.757856,160.52170630145295,-75.28811657,-4.648438,2003-11-19T10:40:41.521883,-75.11013031,160.6936189563901,22.421875,,,,
191,2003-11-20T01:09:30.055691,160.23773987232457,-75.31677162,-4.824219,2003-11-20T01:09:30.821306,-75.31362521,160.64854797974613,-4.296875,,,,
192,2003-11-20T01:24:57.253227,161.0255929830857,-75.28562359,-4.648438,2003-11-20T01:24:56.403324,-75.32465677,160.98736988161554,-4.296875,,,,
193,2003-11-22T12:27:53.205890,161.16093891104316,-75.28328831,-4.296875,2003-11-22T12:27:52.491268,-75.33225189,160.8590175388599,118.046875,,,,
194,2003-11-22T22:10:18.152896,161.3679884964009,-75.31521938,-4.648438,2003-11-22T22:10:17.209912,-75.24958102,161.2060809109053,-4.296875,,,,
195,2003-11-23T00:00:12.481342,160.9719094857979,-75.34685235,-4.648438,2003-11-23T00:00:12.457802,-75.3429678,161.1984286995877,-4.296875,,,,
196,2003-11-23T03:55:27.454908,161.1797414780217,-75.28021488,66.367188,2003-11-23T03:55:26.697885,-75.36752742,161.0471644843228,-4.296875,,,,
197,2003-11-23T11:51:37.831196,160.0961099351201,-75.29671067,-4.648438,2003-11-23T11:51:38.716299,-75.22767476,160.5320925120699,-4.296875,,,,
198,2003-11-23T22:09:46.014880,160.70846072014018,-75.32366895,-4.648438,2003-11-23T22:09:45.428845,-75.32004839,160.93468853911642,-4.296875,,,,
199,2003-11-24T01:41:36.950244,161.8419957141228,-74.85875095,26.289062,2003-11-24T01:41:37.219014,-74.88630578,161.83582021219837,25.585938,,,,
200,2003-11-24T05:17:21.381022,161.52164146234287,-75.27666393,88.515625,2003-11-24T05:17:21.261186,-75.29355077,161.49942043379374,-1.484375,,,,
201,2003-11-24T23:09:16.028649,161.00723696873015,-75.25577317,64.960938,2003-11-24T23:09:15.944918,-75.34149192,160.96445428274492,-4.296875,,,,
202,2003-11-25T06:06:21.722077,160.62363273679196,-75.27837209,-4.648438,2003-11-25T06:06:22.081167,-75.23888038,160.86883394361286,-1.484375,,,,
203,2003-11-25T09:45:23.985774,161.3191150805509,-75.32983149,-4.648438,2003-11-25T09:45:24.279123,-75.30470018,161.19096273968574,-4.296875,,,,
204,2003-11-25T23:04:48.299339,160.63823271030878,-75.28911356,-4.648438,2003-11-25T23:04:48.565777,-75.27715259,160.87541998465662,-4.296875,,,,
205,2003-11-26T07:15:33.488467,161.22483055007794,-75.24650405,-4.648438,2003-11-26T07:15:54.177486,-76.7045779,159.5298832838475,41.40625,,,,
206,2003-11-26T15:30:21.911338,160.95011453477497,-75.45211376,22.509766,,,,,,,,
207,2003-11-26T18:52:11.362942,161.08817369778552,-75.42991528,-4.824219,2003-11-26T18:52:11.377552,-75.77789791,160.77748229092768,161.640625,,,,
208,2003-11-26T22:03:18.178149,161.42915878880603,-75.11384618,26.992188,2003-11-26T22:03:17.352313,-78.25278473,152.80200158305857,-3.59375,,,,
209,2003-11-27T00:57:06.692904,160.8794649733362,-75.3847043,-1.748047,,,,,,,,
210,2003-11-27T02:16:44.862125,160.91811735594737,-75.39161642,-1.308594,2003-11-27T02:17:35.631524,-76.85779005,157.60329340677856,3.4375,,,,
211,2003-11-27T03:04:57.450646,162.1122579,-74.85834585,71.640625,2003-11-27T03:04:58.113241,-75.28026565,161.01814936638925,173.59375,,,,
212,2003-11-27T05:23:38.724780,160.87677242069978,-75.37857806,0.449219,2003-11-27T05:23:37.843456,-78.30105462,153.0731844196817,144.0625,,,,
213,2003-11-27T05:56:30.255570,160.87335115903252,-75.36355203,-1.967773,2003-11-27T05:56:30.611832,-75.05070127,160.97692071308842,27.34375,,,,
214,2003-11-27T09:56:05.125369,160.73911753720492,-75.42189196,-4.912109,2003-11-27T09:56:01.334289,-75.16656793,160.58717321225643,108.90625,,,,
215,2003-11-27T14:40:51.842616,161.2343116257339,-75.37662098,-4.824219,2003-11-27T14:40:51.972488,-75.32282036,161.4019855064136,-4.296875,,,,
216,2003-11-27T16:25:06.682601,161.41764823675325,-75.36642805,-2.539062,2003-11-27T16:25:07.318332,-75.79521051,159.89641581167584,174.296875,,,,
217,2003-11-27T16:50:37.551529,160.94816229477124,-75.40483529,-1.748047,2003-11-27T16:50:38.016653,-78.42494716,152.51999864596897,92.03125,,,,
218,2003-11-27T17:27:24.320137,161.8461247899725,-75.30863544,31.210938,2003-11-27T17:27:26.002228,-75.21798799,161.71502582213049,26.640625,,,,
219,2003-11-27T18:57:33.943885,160.92456319419804,-75.40042362,0.009766,,,,,,,,
220,2003-11-27T19:55:45.034731,160.8071201158411,-75.39957414,13.017578,,,,,,,,
221,2003-11-27T20:21:40.837806,160.86418249800676,-75.39043553,-4.912109,2003-11-27T20:21:39.915166,-75.2572992,161.07850330473335,-4.296875,,,,
222,2003-11-27T20:28:39.795975,160.93501392644464,-75.30359156,-4.824219,2003-11-27T20:28:41.854351,-75.33834425,160.82113430562092,-3.59375,,,,
223,2003-11-27T21:07:52.531614,160.6979298119866,-75.19775091,-4.824219,2003-11-27T21:07:52.897484,-75.18841016,160.93727100033536,-4.296875,,,,
224,2003-11-27T22:55:51.961231,160.74953163626031,-75.2777975,-4.824219,2003-11-27T22:55:52.858235,-75.12721077,160.99052065589018,18.90625,,,,
225,2003-11-28T01:32:02.325381,160.86335460226832,-75.38565013,1.943359,2003-11-28T01:32:31.222402,-76.8580257,157.40054560933774,13.28125,,,,
226,2003-11-28T02:31:27.320025,160.82487613823338,-75.2361663,-4.912109,2003-11-28T02:31:25.571069,-75.21886613,160.7495651245932,108.90625,,,,
227,2003-11-28T02:54:31.927598,161.1964710202703,-75.38277666,-4.824219,2003-11-28T02:54:34.182985,-78.15937526,152.49071905041677,9.0625,,,,
228,2003-11-28T06:01:24.171037,161.00378386159514,-75.42379686,-4.912109,2003-11-28T06:01:24.063351,-75.49099479,160.51943419134068,139.140625,2003-11-28T06:01:24.530057,-75.25288317,161.54553459259012,49.316406
229,2003-11-28T06:07:15.938313,160.63175421884006,-75.30976907,-4.824219,2003-11-28T06:07:16.655419,-78.27228577,153.3797726165707,-3.59375,2003-11-28T06:07:17.789584,-75.31043602,161.4771477744138,6.953125
230,2003-11-28T06:32:57.034127,160.88408672686967,-75.42987763,18.642578,2003-11-28T06:33:23.836619,-76.93486072,156.9869203548583,18.90625,,,,
231,2003-11-28T08:50:53.252328,160.8645896097161,-75.37397631,-0.166016,2003-11-28T08:50:52.197550,-75.35370594,160.8886963344821,123.671875,,,,
232,2003-11-28T10:36:31.879702,161.14070866388386,-75.37209348,-4.912109,2003-11-28T10:36:32.124630,-75.29556653,161.08564916615381,-4.296875,2003-11-28T10:36:32.784331,-75.37648241,161.1643273,-4.912109
233,2003-11-28T11:36:09.098058,160.86511261577897,-75.39110608,1.196289,2003-11-28T11:36:08.908956,-75.30924864,161.24366906639588,-4.296875,,,,
234,2003-11-28T12:13:26.810850,160.8877468870312,-75.39485338,-4.912109,,,,,,,,
235,2003-11-28T13:16:47.207875,161.17604419455282,-75.26108299,-4.648438,2003-11-28T13:16:48.505810,-75.33840844,161.14561409359814,-4.296875,,,,
236,2003-11-28T14:36:54.851968,160.6763938794683,-75.22412053,-4.824219,,,,,,,,
237,2003-11-28T17:23:23.206820,161.02745009465374,-75.35757642,2.998047,2003-11-28T17:23:47.059617,-76.43672118,158.6650295607593,111.71875,,,,
238,2003-11-28T18:12:23.874155,161.1624413333804,-75.37514382,-4.824219,2003-11-28T18:12:24.111423,-75.30781991,161.0102324067105,-4.296875,,,,
239,2003-11-28T19:38:59.605815,160.88888561361514,-75.34547689,-4.912109,2003-11-28T19:38:59.277869,-75.51510603,160.3654575255254,163.046875,,,,
240,2003-11-28T20:17:43.431926,160.90494966965903,-75.34452932,-4.912109,2003-11-28T20:17:46.391181,-78.26262259,153.48163137938067,-2.1875,,,,
241,2003-11-29T00:32:27.385565,161.30130939832299,-75.52221976,-4.912109,2003-11-29T00:32:26.341686,-75.57732304,160.96786803410575,139.84375,,,,
242,2003-11-29T08:45:58.878391,160.85531385926242,-75.32956993,1.855469,2003-11-29T08:45:55.565045,-78.25960864,151.91791821543453,-2.1875,,,,
243,2003-11-29T12:10:47.352777,160.90977005214665,-75.42740412,18.115234,,,,,,,,
244,2003-11-29T21:29:27.765108,160.76525702635777,-75.25562059,32.441406,,,,,,,,
245,2003-11-30T03:38:00.439730,160.90810604846166,-75.39486505,-2.670898,2003-11-30T03:38:24.413330,-77.14139815,158.28205727938732,30.859375,,,,
246,2003-11-30T06:16:13.791007,160.4603477081412,-75.31093411,-4.648438,2003-11-30T06:16:14.032235,-75.31241057,161.06289329916726,-4.296875,,,,
247,2003-11-30T08:03:13.321024,160.8824255001822,-75.29897119,-4.824219,2003-11-30T08:03:14.943476,-75.33225189,160.8590175388599,-4.296875,,,,
248,2003-11-30T10:06:01.565023,161.16429434503934,-75.38471215,-4.824219,2003-11-30T10:06:01.596051,-78.34906599,153.34662336596756,-0.78125,,,,
249,2003-11-30T16:56:31.493653,160.8679261834869,-75.43082387,23.037109,,,,,,,,
250,2003-11-30T17:28:04.850474,161.15689698081601,-75.34643996,-4.824219,2003-11-30T17:28:06.244109,-75.31241057,161.06289329916726,-4.296875,,,,
251,2003-11-30T18:45:05.477098,161.14937366776218,-75.34108566,-4.121094,2003-11-30T18:45:06.915642,-75.30781991,161.0102324067105,-4.296875,,,,
252,2003-11-30T20:31:29.291341,161.14364574170176,-75.35352802,-4.912109,2003-11-30T20:31:28.184144,-75.2372639,161.28103208742675,-4.296875,,,,
253,2003-12-01T00:14:10.144641,161.72470737998634,-75.06415066,17.148438,2003-12-01T00:14:10.246623,-75.23109611,161.31846028332185,-3.59375,,,,
254,2003-12-01T05:02:02.725864,160.8817722248031,-75.40729042,-1.660156,2003-12-01T05:02:31.470065,-76.81360075,157.7501753503511,13.28125,,,,
255,2003-12-01T16:22:57.202402,161.34052904837566,-75.18132362,-1.835938,2003-12-01T16:22:58.873580,-75.33226185,161.1833606295798,-3.59375,,,,
256,2003-12-02T09:03:26.954223,160.8400798984011,-75.33529886,1.679688,2003-12-02T09:04:09.484751,-77.26319672,158.02722381823793,30.15625,,,,
257,2003-12-02T11:34:50.035618,160.8803533000485,-75.42719551,22.685547,,,,,,,,
258,2003-12-02T13:28:00.262917,160.96043181846323,-75.35526976,-4.648438,2003-12-02T13:28:00.026974,-75.36293253,160.99430815698778,-4.296875,,,,
259,2003-12-02T18:10:10.811003,160.09424169159175,-75.19949268,-0.605469,2003-12-02T18:10:10.924003,-75.25174697,159.96828083261633,-4.296875,,,,
260,2003-12-02T19:12:27.075431,160.6203259940656,-75.26745926,-4.384766,2003-12-02T19:12:27.114541,-75.28177438,160.92792740412906,-4.296875,,,,
261,2003-12-02T20:02:42.749559,160.59449727373348,-75.25688705,0.976562,2003-12-02T20:02:43.783498,-75.25283518,159.87814308997235,-0.78125,,,,
262,2003-12-03T00:21:11.547163,160.8692836080324,-75.2978142,-4.824219,2003-12-03T00:21:13.033190,-75.31079495,160.8294263,-4.296875,,,,
263,2003-12-03T03:47:52.030211,161.0981042948854,-75.37900054,-4.824219,2003-12-03T03:47:50.651632,-75.28004827,161.34133120015733,-4.296875,,,,
264,2003-12-03T05:22:49.034011,160.54876558839405,-75.23153761,0.800781,2003-12-03T05:23:53.338623,-77.40396908,162.19724457895612,4.84375,,,,
265,2003-12-03T06:56:42.947939,160.8020013531943,-75.28244861,1.855469,2003-12-03T06:57:13.473841,-76.81360075,157.7501753503511,13.28125,2003-12-03T06:56:46.571252,-75.38278469,160.87099499571744,-2.011719
266,2003-12-03T07:31:58.704102,161.02299604859328,-75.20067244,0.273438,2003-12-03T07:31:57.258267,-75.10146836,161.7779551326358,25.9375,2003-12-03T07:31:57.967800,-75.20067244,161.02299604859328,0.273438
267,2003-12-03T08:13:14.895671,160.55019830491065,-75.24110741,0.449219,2003-12-03T08:13:14.435597,-75.17593149,160.6912470895865,-3.59375,2003-12-03T08:13:15.186101,-75.37318203,160.8286788256579,-1.220703
268,2003-12-03T11:47:21.597313,160.87618203325343,-75.40326738,0.009766,2003-12-03T11:47:54.023496,-76.52096584,159.1750660177811,63.90625,2003-12-03T11:47:21.813995,-75.38717416,160.85385227058708,0.888672
269,2003-12-03T15:38:12.289153,162.06168646358196,-74.93354698,58.632812,2003-12-03T15:38:12.361845,-74.87778635,162.4572182443564,24.53125,2003-12-03T15:38:13.785581,-74.96272629,161.85368552703832,55.117188
270,2003-12-03T16:47:19.637666,160.90097847081364,-75.39600954,-2.451172,,,,,,,,
271,2003-12-03T17:27:39.357774,161.1202598386402,-75.18802703,1.152344,2003-12-03T17:27:39.694871,-75.28943052,161.1233099216037,-3.59375,2003-12-03T17:27:39.479576,-75.34620997,160.8435674593188,1.943359
272,2003-12-03T18:39:57.173500,160.02093738465106,-75.20453293,27.695312,,,,,2003-12-03T18:40:02.063434,-75.24167579,160.1153493233557,29.101562
273,2003-12-03T22:22:28.785708,161.5099778775379,-75.44702379,-4.824219,2003-12-03T22:22:28.508657,-75.35317423,161.53832985475196,-1.484375,2003-12-03T22:22:28.789085,-75.22577897,161.66848773882577,45.097656
274,2003-12-03T23:21:39.086035,161.10854830560586,-75.37402102,-4.912109,2003-12-03T23:21:38.622746,-75.38735654,160.84249005633058,125.078125,2003-12-03T23:21:39.534037,-75.38550041,161.11886767753185,-4.824219
275,2003-12-04T00:06:44.958683,160.63010878414914,-75.25771822,-4.824219,2003-12-04T00:06:46.606996,-78.28499076,153.50485647953283,-3.59375,2003-12-04T00:06:44.746372,-75.25165894,160.6678623085577,-4.824219
276,2003-12-04T02:43:08.058600,160.83954378021255,-75.42716536,27.519531,,,,,2003-12-04T02:43:07.477190,-75.39732422,160.86211761123366,-3.505859
277,2003-12-04T04:18:30.010330,161.14920807016205,-75.37400296,-4.824219,2003-12-04T04:18:30.075814,-75.27872082,161.10835240358557,-4.296875,2003-12-04T04:18:30.831431,-75.37608487,161.18702583999362,-4.912109
278,2003-12-04T07:48:19.690403,160.88858335479247,-75.39963878,-0.166016,,,,,,,,
279,2003-12-04T10:06:34.240162,161.10019300169006,-75.35565117,-4.824219,2003-12-04T10:06:34.060870,-75.28328831,161.16093891104316,-4.296875,,,,
280,2003-12-04T11:06:23.331232,160.8311275780419,-75.38753836,2.119141,,,,,,,,
281,2003-12-04T12:18:45.474680,161.69650985339078,-75.10861397,31.914062,2003-12-04T12:18:46.927723,-75.3014927,160.72429833466276,-4.296875,2003-12-04T12:18:45.634448,-75.27604328,161.10461650542763,-4.824219
282,2003-12-04T14:22:06.561117,160.84024723770293,-75.36477099,2.998047,,,,,2003-12-04T14:22:06.526417,-75.37013577,160.84766842126373,2.998047
283,2003-12-04T17:03:45.377600,160.9752727647886,-75.14939705,-4.648438,2003-12-04T17:03:43.093681,-78.32494251,151.86503101578145,-4.296875,2003-12-04T17:03:46.200888,-75.29323986,160.89760475820287,-4.648438
284,2003-12-04T19:57:40.284195,160.89929827191577,-75.38643894,1.943359,,,,,2003-12-04T19:57:40.323303,-75.18698815,163.20985352781847,22.246094
285,2003-12-04T20:56:01.882198,161.431386,-75.13985728,46.503906,2003-12-04T20:56:01.961159,-75.26187344,161.1310031867287,-2.890625,2003-12-04T20:56:02.841336,-75.38812987,161.2040334292931,-4.824219
286,2003-12-04T21:42:25.909913,160.47431539920615,-75.29565958,-4.824219,2003-12-04T21:42:25.982296,-75.27105195,160.91312142517313,-3.59375,2003-12-04T21:42:25.902579,-75.35827974,160.86025421961688,1.152344
287,2003-12-04T22:44:02.104117,160.88755631212805,-75.4030833,-0.605469,2003-12-04T22:44:02.453337,-75.29397464,160.8524497383083,-4.296875,2003-12-04T22:44:01.873439,-75.253237,160.6987493,-4.912109
288,2003-12-05T00:52:36.219764,160.89128484376417,-75.40576515,-0.429688,,,,,2003-12-05T00:52:36.466305,-75.19512251,163.31563506605846,14.863281
289,2003-12-05T01:55:02.230325,160.87534944019893,-75.39848189,-0.341797,2003-12-05T01:55:02.235838,-75.07212669,161.00620492077803,28.75,2003-12-05T01:55:02.748512,-75.39020057,161.08475533003076,-4.956055
290,2003-12-05T05:10:47.241463,160.7938193961364,-75.36893821,-1.835938,,,,,2003-12-05T05:10:47.413670,-75.20320703,163.42153380193068,12.050781
291,2003-12-05T05:53:06.534257,160.45845220624884,-75.2753361,-4.824219,2003-12-05T05:53:05.501777,-78.30336983,152.5158809736395,-3.59375,2003-12-05T05:53:06.052623,-75.14755834,161.93611651745314,47.382812
292,2003-12-05T07:45:56.968935,160.43185529308744,-75.31545359,-4.824219,2003-12-05T07:45:57.376405,-75.2672716,160.4476099404546,-3.59375,2003-12-05T07:45:57.221874,-75.31620648,160.4271048422566,-4.912109
293,2003-12-05T10:48:34.954744,160.85943004768032,-75.39119762,2.207031,2003-12-05T10:48:34.849513,-75.28943052,161.1233099216037,-3.59375,2003-12-05T10:48:34.973354,-75.22652768,161.90065785584568,42.285156
294,2003-12-05T11:42:22.420877,160.8744183609091,-75.39781138,0.405273,2003-12-05T11:42:41.008079,-76.73902179,155.05434400868353,83.59375,2003-12-05T11:42:22.312818,-75.38976498,160.86325250042813,0.493164
295,2003-12-05T12:18:35.542157,160.87265605375842,-75.39235543,-1.660156,,,,,2003-12-05T12:18:35.859747,-75.3825869,160.86201138126984,-0.913086
296,2003-12-05T13:51:04.912250,161.3717326621765,-75.13000996,56.347656,2003-12-05T13:51:03.931295,-75.17306471,161.19124303596016,-2.890625,2003-12-05T13:51:04.731796,-75.11468704,161.3845820651955,57.578125
297,2003-12-05T17:35:01.399568,160.88186920892693,-75.40317541,-1.791992,2003-12-05T17:35:37.578300,-77.26289004,165.7133582903096,6.953125,2003-12-05T17:35:01.452546,-75.39043553,160.86418249800676,-1.748047
298,2003-12-05T18:31:18.683084,160.76631965117681,-75.2816446,-3.945312,2003-12-05T18:31:18.563357,-78.23976986,152.67803800815295,-3.59375,2003-12-05T18:31:19.894982,-75.22815921,161.47571262720885,51.074219
299,2003-12-05T18:43:11.068752,161.0668069176417,-75.29863221,-4.648438,2003-12-05T18:43:11.714539,-78.26574514,152.92624142462444,-3.59375,2003-12-05T18:43:12.605355,-75.22526225,161.82946236672274,40.175781
300,2003-12-05T19:35:40.217172,161.06129830637423,-75.28638656,-4.824219,2003-12-05T19:35:40.863466,-75.2649451,160.95079132054408,-4.296875,2003-12-05T19:35:41.168287,-75.29595386,161.06307350840606,-4.824219
301,2003-12-05T21:50:47.305350,160.86873326071267,-75.39790315,-0.166016,2003-12-05T21:50:46.888527,-78.26744873,153.03957602299676,-4.296875,2003-12-05T21:50:47.386944,-75.39522097,160.8650109419749,-0.517578
302,2003-12-05T22:50:56.765948,162.1021904583144,-75.30871093,45.449219,2003-12-05T22:50:55.600692,-75.27386985,161.3788437172437,-3.59375,2003-12-05T22:50:57.251515,-75.39258684,161.10556198647765,-4.912109
303,2003-12-06T00:29:48.137817,162.15020183703265,-75.29393164,45.800781,2003-12-06T00:29:48.631953,-75.33226185,161.1833606295798,-3.59375,2003-12-06T00:29:48.802247,-75.36750602,161.12844755560937,-4.824219
304,2003-12-06T00:58:26.623435,160.60610836200235,-75.24849014,-4.648438,2003-12-06T00:58:24.363527,-78.18758971,151.90897680793478,-4.296875,2003-12-06T00:58:27.415665,-75.34619316,160.6699107542483,-4.824219
305,2003-12-06T01:34:28.226845,160.9007954535137,-75.40423949,1.855469,,,,,2003-12-06T01:34:28.416357,-75.39753518,160.89147329668822,1.064453
306,2003-12-06T04:28:26.071177,162.18455459566127,-75.30141386,46.152344,2003-12-06T04:28:26.633122,-75.3429678,161.1984286995877,-4.296875,,,,
307,2003-12-06T05:34:59.197021,162.10804066147043,-75.28112332,45.097656,2003-12-06T05:34:59.072942,-78.22091643,152.8821713100561,-3.59375,2003-12-06T05:34:59.604616,-75.26005858,161.93787148681372,42.460938
308,2003-12-06T07:25:31.249177,161.08765309339174,-75.38397962,-4.912109,2003-12-06T07:25:30.429218,-75.25573032,161.1685578699394,-3.59375,2003-12-06T07:25:31.730448,-75.39105227,161.11504124621493,-4.912109
309,2003-12-06T11:13:27.838037,160.87657584886844,-75.38680769,-2.099609,,,,,,,,
310,2003-12-06T15:36:41.476320,160.83490496413071,-75.35251816,1.943359,,,,,2003-12-06T15:36:41.586423,-75.35520059,160.8386107430961,2.998047
311,2003-12-06T16:40:26.693818,160.50378465581719,-75.23220246,-0.253906,2003-12-06T16:41:02.602500,-77.39379556,161.5284853479932,13.28125,2003-12-06T16:40:27.428000,-75.39290369,160.83855703168004,-2.626953
312,2003-12-06T18:03:43.373842,161.91451642349946,-75.00532938,55.820312,2003-12-06T18:03:43.069523,-75.02317799,161.84887687970186,66.015625,2003-12-06T18:03:43.157462,-75.01597816,161.92977876937326,57.226562
313,2003-12-06T18:21:56.911358,160.86583992293976,-75.40000647,0.888672,,,,,2003-12-06T18:21:56.843703,-75.39531252,160.8593267893081,0.493164
314,2003-12-06T18:54:22.942391,160.83562472930308,-75.29013385,1.152344,2003-12-06T18:54:24.730805,-78.21357752,152.43094059186944,2.03125,2003-12-06T18:54:23.423074,-75.39466873,160.89911438517555,-3.769531
315,2003-12-06T20:32:10.445950,160.9101262677502,-75.41094352,-1.396484,,,,,2003-12-06T20:32:10.415918,-75.40490991,160.90172815979332,-1.791992
316,2003-12-06T21:17:05.056575,160.54547813814145,-75.24186268,-0.517578,2003-12-06T21:17:03.419798,-75.17593149,160.6912470895865,-3.59375,2003-12-06T21:17:05.039042,-75.39311769,160.86790343075637,-1.572266
317,2003-12-06T22:16:18.060927,160.8563284106757,-75.40153066,1.064453,,,,,2003-12-06T22:16:18.023971,-75.384674,160.83877535268115,1.152344
318,2003-12-07T01:27:41.323528,160.87534944019893,-75.39848189,-0.166016,2003-12-07T01:28:09.556598,-77.13590723,160.73870144852128,37.890625,2003-12-07T01:27:41.618009,-75.39541865,160.8740024387047,-0.297852
319,2003-12-07T06:12:00.472949,160.86830638589547,-75.37665837,0.888672,2003-12-07T06:12:25.416346,-76.59452171,157.47641773084092,-3.59375,,,,
320,2003-12-07T18:39:52.997491,160.92623010393888,-75.18037051,-4.824219,,,,,2003-12-07T18:39:55.916879,-75.35523093,160.87921764695622,3.261719
321,2003-12-07T20:49:45.383130,160.85798822625355,-75.33569577,2.470703,2003-12-07T20:49:46.759713,-75.70848345,159.26157003605837,166.5625,2003-12-07T20:49:45.418933,-75.34105962,160.86540109557615,2.998047
322,2003-12-08T02:36:19.640341,160.8652142095744,-75.38699121,2.910156,2003-12-08T02:36:19.857278,-75.28943052,161.1233099216037,-0.78125,2003-12-08T02:36:19.225186,-75.36248576,160.85448009404197,2.910156
323,2003-12-08T07:18:38.761160,160.8751102,-75.36900764,2.910156,,,,,2003-12-08T07:18:38.482666,-75.36288156,160.8724224513158,2.998047
324,2003-12-09T07:16:55.289949,160.67306736391905,-75.43730285,-4.912109,2003-12-09T07:17:40.606090,-77.37950114,166.68052802454213,21.71875,2003-12-09T07:17:02.325307,-75.38819853,160.61151340018466,-4.824219
325,2003-12-10T04:03:42.215803,160.52407385435293,-75.2387543,0.800781,2003-12-10T04:04:16.270412,-77.30178257,162.34639875977115,24.53125,2003-12-10T04:03:42.627116,-75.39272151,160.84992365569386,-2.539062
326,2003-12-10T07:32:24.952623,160.8853706026763,-75.39523468,0.405273,2003-12-10T07:32:24.006179,-75.01704818,161.02177260842467,24.53125,2003-12-10T07:32:25.016420,-75.38718887,160.87420059209327,0.668945
327,2003-12-11T05:27:52.474754,160.88569255953394,-75.40174236,1.767578,,,,,2003-12-11T05:27:52.475433,-75.38929221,160.87131020536256,1.28418
328,2003-12-11T10:00:45.963649,160.57778309243955,-75.25302738,1.152344,2003-12-11T10:01:19.869006,-77.25804912,161.73385978674685,13.28125,2003-12-11T10:00:46.015860,-75.33405262,160.74581325289964,-1.660156
329,2003-12-11T16:01:52.327354,160.18040136667514,-75.06553812,-4.824219,2003-12-11T16:02:33.286065,-77.5187148,161.95769269559173,9.0625,2003-12-11T16:01:52.536795,-74.99548011,159.98808781776967,10.292969
330,2003-12-12T07:59:42.158142,160.8685318448241,-75.40613311,-1.660156,,,,,2003-12-12T07:59:41.930051,-75.39846728,160.85498520298967,-1.791992
331,2003-12-14T10:47:39.136401,160.86025421961688,-75.35827974,1.855469,2003-12-14T10:48:12.270412,-77.30178257,162.34639875977115,24.53125,2003-12-14T10:47:39.175176,-75.56621991,160.97573210833878,6.074219
332,2003-12-14T19:16:34.168754,160.4677058539911,-75.35056749,-1.396484,2003-12-14T19:17:06.369011,-77.33585202,162.29695025493018,27.34375,2003-12-14T19:16:34.089839,-75.33056504,160.4291468,-0.341797
333,2003-12-15T13:04:53.236494,160.53390156936894,-75.22901806,0.361328,2003-12-15T13:05:26.568051,-77.3291728,162.0690224162648,16.796875,2003-12-15T13:04:53.287951,-75.35650451,160.79985368619444,-4.033203
334,2003-12-15T16:53:01.720430,160.8443479360835,-75.3886978,-1.044922,2003-12-15T16:53:55.068021,-77.07053939,161.74351436432113,2.03125,2003-12-15T16:53:01.877666,-75.38563444,160.84300845779433,-0.297852
335,2003-12-15T17:46:57.060429,160.49655980791456,-75.22682814,0.449219,2003-12-15T17:47:30.887472,-77.19894204,161.95648547751867,13.28125,2003-12-15T17:46:57.383587,-75.37622672,160.8096812257534,-2.802734
336,2003-12-15T19:55:12.892667,160.84706030650148,-75.3571213,1.855469,2003-12-15T19:56:07.458199,-77.10707572,161.85669836280317,2.734375,2003-12-15T19:55:13.215334,-75.35846242,160.84891474417395,2.998047
337,2003-12-15T20:44:45.157566,160.8594288703172,-75.31579475,1.152344,2003-12-15T20:45:46.414269,-77.30449818,161.59612441176486,0.625,2003-12-15T20:44:45.248888,-75.39180203,160.9067524551627,-2.451172
338,2003-12-16T06:00:00.698841,160.8550951066991,-75.37550036,-4.384766,,,,,2003-12-16T06:00:01.000248,-75.38680769,160.87657584886844,-2.802734
339,2003-12-17T04:10:44.200355,160.83031078325223,-75.38275287,-4.384766,,,,,2003-12-17T04:10:44.392053,-75.38371348,160.83454276406613,-3.374023
340,2003-12-21T05:27:02.739038,161.78844046526345,-75.13280529,-0.957031,2003-12-21T05:27:37.637211,-77.26770595,162.39558051861667,10.46875,2003-12-21T05:27:08.465161,-75.49507316,161.79129170299828,2.998047
341,2003-12-21T14:17:43.499958,161.58594919545394,-75.14373322,0.800781,2003-12-21T14:18:12.601108,-77.26770595,162.39558051861667,10.46875,2003-12-21T14:17:43.494778,-75.47954337,161.67446520150074,1.152344
342,2003-12-22T09:00:34.498502,160.7143916289419,-75.10021414,6.074219,,,,,2003-12-22T09:00:34.707743,-75.08948203,160.69992317996397,13.105469
343,2003-12-23T07:47:45.557504,160.86418249800676,-75.39043553,2.294922,,,,,,,,
344,2003-12-23T12:04:02.736510,160.87534944019893,-75.39848189,0.888672,,,,,2003-12-23T12:04:02.614312,-75.39311769,160.86790343075637,0.712891
345,2003-12-23T14:27:16.881066,161.23241918866512,-75.37528299,27.958984,,,,,2003-12-23T14:27:17.068127,-75.37900944,161.05743048564023,14.599609
346,2003-12-23T16:15:45.478939,159.85056146003714,-75.26685451,42.285156,,,,,2003-12-23T16:15:48.235312,-75.29512626,160.4160298349852,19.785156
347,2003-12-25T20:20:11.963016,160.89063599397608,-75.39274981,1.064453,,,,,2003-12-25T20:20:12.194326,-75.39006802,160.88691093904154,0.888672
348,2003-12-29T05:52:55.211328,160.8794649733362,-75.3847043,0.712891,,,,,2003-12-29T05:52:55.288163,-75.38001089,160.87295430796323,1.108398
349,2003-12-30T10:14:08.427809,160.8670741500473,-75.38833228,1.943359,,,,,2003-12-30T10:14:08.438956,-75.38430903,160.8614953515715,1.679688
350,2003-12-30T16:41:12.836829,160.86873326071267,-75.39790315,0.537109,,,,,2003-12-30T16:41:12.898770,-75.38813434,160.85808714275342,0.668945
351,2012-11-23T17:28:53.557317,161.09224324445756,-75.39967259,108.90625,,,,,,,,
352,2012-11-27T17:56:12.843233,160.96731345110257,-75.39354886,-4.648438,2012-11-27T17:56:13.603175,-75.39354886,160.96731345110257,-4.648438,2012-11-27T17:56:14.228132,-75.37278276,160.81072489220907,-4.824219
353,2012-11-28T16:12:26.804994,158.94584349915118,-75.31123541,36.132812,2012-11-28T16:12:28.151335,-75.359069,160.89612978676791,-4.648438,2012-11-28T16:12:27.681148,-75.35523093,160.87921764695622,-4.824219
354,2012-11-30T08:57:55.508465,159.97881254411735,-75.17219455,114.882812,,,,,2012-11-30T08:57:54.272501,-75.44728621,160.69264564750696,-4.824219
355,2012-12-01T06:12:10.513044,161.05691896166266,-75.17541794,115.585938,,,,,,,,
356,2012-12-02T03:58:29.063670,160.78321928166247,-75.34443036,113.828125,,,,,2012-12-02T03:58:29.959831,-75.41044463,160.7698361892158,-4.912109
357,2012-12-03T13:02:41.948066,160.25056143520936,-75.26591197,108.378906,,,,,2012-12-03T13:02:42.412961,-75.26591197,160.25056143520936,108.378906
358,2012-12-05T11:04:41.249041,160.2009590072473,-75.38439404,-4.824219,2012-12-05T11:04:40.641713,-75.33696232,160.46086740860733,122.441406,2012-12-05T11:04:41.588569,-75.50191036,160.6162139861264,-4.824219
359,2012-12-07T02:14:47.277155,160.40746159290708,-75.28017668,116.113281,,,,,2012-12-07T02:14:47.330248,-75.28017668,160.40746159290708,116.113281
360,2012-12-08T06:13:31.588160,160.5417644830963,-75.42212993,-4.648438,2012-12-08T06:13:31.993987,-75.41373275,160.55353918643934,-4.648438,2012-12-08T06:13:30.802819,-75.50451691,159.90800321068687,-0.957031
361,2012-12-08T11:11:35.143833,160.69310101453001,-75.22797263,112.070312,,,,,,,,
362,2012-12-09T03:33:02.890923,160.7255531,-75.2096516,132.285156,,,,,2012-12-09T03:33:02.308430,-75.2096516,160.7255531,132.285156
363,2012-12-09T05:43:07.135347,160.7102014,-75.43467792,-4.824219,2012-12-09T05:43:08.084244,-75.31800762,160.53910485553942,128.242188,2012-12-09T05:43:10.078952,-75.44962074,160.71917587807513,-4.824219
364,2012-12-09T16:53:43.362403,160.5777825577826,-75.29550711,111.191406,,,,,,,,
365,2012-12-13T19:13:30.988692,160.0266964308813,-75.34005056,-4.824219,2012-12-13T19:13:32.624720,-75.43420414,160.46522695727356,-4.648438,2012-12-13T19:13:31.777951,-75.5114853,160.61771872406644,-4.824219
366,2012-12-13T20:36:00.691286,161.29439577354344,-75.28776261,120.332031,,,,,2012-12-13T20:36:01.677429,-75.42874743,161.4602563,-4.824219
367,2012-12-14T14:56:47.744786,160.43925153878706,-75.45787517,-4.824219,2012-12-14T14:56:48.004896,-75.3670438,160.55947580963027,114.179688,2012-12-14T14:56:48.471942,-75.4481907,160.39700395816908,-4.912109
368,2012-12-16T14:00:49.854993,160.55883409215755,-75.29853025,104.511719,,,,,2012-12-16T14:00:49.927743,-75.29853025,160.55883409215755,104.511719
369,2012-12-18T11:34:51.635906,160.50476204723202,-75.32673381,128.417969,,,,,2012-12-18T11:34:51.599433,-75.32673381,160.50476204723202,128.417969
370,2012-12-18T11:35:21.948088,160.78102819832293,-75.29237688,124.726562,,,,,2012-12-18T11:35:23.344196,-75.3819914,160.8350619928186,-4.648438
371,2012-12-19T02:24:21.220796,161.65216021306506,-75.62550549,28.046875,,,,,,,,
372,2012-12-20T14:44:30.125394,160.23627044913167,-75.25514618,103.457031,,,,,2012-12-20T14:44:29.910815,-75.25514618,160.23627044913167,103.457031
373,2012-12-21T09:31:58.910983,160.60942089975475,-75.43757757,104.335938,,,,,2012-12-21T09:31:59.257861,-75.53345273,160.70666919415316,-4.824219
374,2012-12-23T13:25:37.141182,161.0931254743896,-75.30092242,-4.648438,,,,,2012-12-23T13:25:38.142969,-75.33915248,161.1814555914637,-4.824219
375,2012-12-27T00:05:04.299523,160.3898302,-75.29275728,117.167969,2012-12-27T00:05:03.926289,-75.29275728,160.3898302,117.167969,2012-12-27T00:05:03.893976,-75.29275728,160.3898302,117.519531
376,2012-12-28T01:12:49.220876,161.20589709915976,-75.41415849,112.773438,,,,,2012-12-28T01:12:49.419917,-75.548767,161.35122679572606,91.679688
377,2012-12-28T06:16:16.332508,160.4897068,-75.40095767,123.496094,2012-12-28T06:16:16.241378,-75.40095767,160.4897068,123.496094,2012-12-28T06:16:18.092220,-75.47990939,160.52759720412513,-4.824219
378,2012-12-28T08:55:52.040343,160.12566805770697,-75.3538648,-4.824219,2012-12-28T08:55:52.297769,-75.31631059,160.46760093801066,115.234375,2012-12-28T08:55:52.355737,-75.46712759,160.65003866151727,-4.824219
379,2012-12-28T11:07:53.304615,160.40688580910816,-75.39117603,-4.648438,,,,,2012-12-28T11:07:54.254346,-75.4486649,160.60134488810473,-4.824219
380,2012-12-31T07:33:17.314474,160.92187858204255,-75.21059576,124.726562,,,,,,,,
381,2012-12-31T17:49:54.876650,160.6951442792739,-75.48289513,-4.648438,,,,,,,,
382,2013-01-01T16:39:50.643717,160.35512741706887,-75.27543387,115.761719,,,,,2013-01-01T16:39:51.224748,-75.27543387,160.35512741706887,115.761719
383,2013-01-01T21:49:11.448296,160.31461722952298,-75.26229696,108.378906,,,,,,,,
384,2013-01-04T04:52:41.724036,160.35447578836303,-75.31791534,128.417969,2013-01-04T04:52:42.167065,-75.31791534,160.35447578836303,128.417969,,,,
385,2013-01-04T09:11:10.208976,161.32669514127923,-75.33518,115.234375,2013-01-04T09:11:10.620281,-75.33518,161.32669514127923,115.234375,,,,
386,2013-01-06T11:35:30.551568,160.65026601944638,-75.36568221,116.289062,2013-01-06T11:35:31.696498,-75.36568221,160.65026601944638,116.289062,2013-01-06T11:35:32.076045,-75.49894781,160.67643171306088,-4.912109
387,2013-01-06T15:03:05.738328,160.08093734530058,-75.34621748,-4.912109,2013-01-06T15:03:06.993457,-75.35447318,160.18417856621403,-4.824219,2013-01-06T15:03:07.010931,-75.34621748,160.08093734530058,-4.912109
388,2013-01-06T15:40:52.661324,160.54893295091432,-75.51250033,-4.296875,,,,,,,,
389,2013-01-07T06:03:11.764466,160.54264383837145,-75.3631806,124.199219,2013-01-07T06:03:11.838805,-75.3631806,160.54264383837145,124.199219,2013-01-07T06:03:11.797778,-75.3670438,160.55947580963027,124.023438
390,2013-01-07T10:23:09.208227,161.02996877125514,-75.23893682,122.617188,2013-01-07T10:23:10.183981,-75.23893682,161.02996877125514,122.617188,2013-01-07T10:23:11.133414,-75.37171263,160.9194808937546,-4.912109
391,2013-01-09T13:58:57.509952,161.08938663213084,-75.2982445,122.089844,2013-01-09T13:58:57.706629,-75.2982445,161.08938663213084,121.738281,2013-01-09T13:58:59.650631,-75.39258398,160.9427137705203,-4.912109
392,2013-01-11T17:13:55.883425,160.36460868694311,-75.27393114,125.429688,,,,,2013-01-11T17:13:56.943883,-75.27393114,160.36460868694311,125.429688
393,2013-01-13T16:54:15.510793,161.15313462992268,-75.34376284,131.054688,,,,,2013-01-13T16:54:15.412376,-75.34376284,161.15313462992268,131.054688
394,2013-01-13T18:58:10.304154,160.7950937268661,-75.45392221,134.570312,2013-01-13T18:58:10.263862,-75.45392221,160.7950937268661,133.867188,2013-01-13T18:58:13.003649,-75.51977329,160.79313119219518,-4.648438
395,2013-01-14T10:36:36.353414,160.8320765467878,-75.2120658,117.695312,,,,,2013-01-14T10:36:36.469098,-75.2120658,160.8320765467878,117.695312
396,2013-01-16T22:48:59.939311,161.05168879303656,-75.30437496,114.003906,,,,,2013-01-16T22:49:01.249590,-75.37441741,161.04518992926236,-4.824219
397,2013-01-17T18:06:40.740802,159.96011792956548,-75.32443397,-4.824219,2013-01-17T18:06:41.480882,-75.27279284,160.2482243090033,124.023438,2013-01-17T18:06:43.252008,-75.45202805,160.55936666209476,-4.648438
398,2013-01-19T16:09:07.884847,160.6748802889074,-75.2145519,114.003906,2013-01-19T16:09:07.657427,-75.2145519,160.6748802889074,114.003906,2013-01-19T16:09:09.115365,-75.27575614,160.6603706836596,-4.912109
399,2013-01-20T02:05:33.045257,160.38129026196916,-75.27780679,114.003906,,,,,2013-01-20T02:05:34.025015,-75.27393114,160.36460868694311,114.179688
400,2013-01-20T11:50:14.143434,160.34793601865073,-75.27005428,117.519531,,,,,2013-01-20T11:50:13.744159,-75.27005428,160.34793601865073,117.519531
401,2013-01-21T22:50:06.747576,160.9306437614998,-75.33382505,116.992188,,,,,,,,
402,2013-01-23T10:33:38.372080,161.07785198804814,-75.32312406,108.90625,,,,,2013-01-23T10:33:39.816901,-75.35068342,160.98883639913674,-4.824219
403,2013-01-24T13:24:50.740147,160.62929049095112,-75.23169499,133.164062,,,,,2013-01-24T13:24:51.011807,-75.23169499,160.62929049095112,133.164062
404,2013-01-24T13:27:07.428669,160.6689023590972,-75.76856141,18.203125,,,,,,,,
405,2013-01-24T14:10:47.809344,161.05989211591867,-75.24390918,121.386719,,,,,2013-01-24T14:10:48.341438,-75.24390918,161.05989211591867,121.386719
406,2013-01-24T18:30:32.262759,161.02909852779095,-75.30475889,113.476562,,,,,2013-01-24T18:30:32.984994,-75.3820733,161.03847352974137,-4.912109
407,2013-01-24T21:00:09.381918,160.3518547255034,-75.29877035,122.089844,,,,,2013-01-24T21:00:09.609246,-75.29877035,160.3518547255034,122.089844
408,2013-01-27T19:41:01.009784,161.13404389565358,-75.37975216,126.835938,,,,,2013-01-27T19:41:02.155741,-75.51120063,161.37952747556034,89.746094
409,2013-01-28T16:55:23.090753,161.82744592208394,-75.58360109,-0.078125,,,,,2013-01-28T16:55:22.428435,-75.48307003,161.77366598461327,103.105469
410,2013-01-28T21:46:18.656330,160.89948191558685,-75.3782093,-4.648438,2013-01-28T21:46:18.936884,-75.29633894,161.0404966183853,119.804688,2013-01-28T21:46:20.559269,-75.37132054,160.90152630812088,-4.824219
411,2013-01-30T04:34:13.855286,160.40570726583255,-75.61325401,-4.296875,2013-01-30T04:34:12.070835,-75.68514247,160.36290740644944,1.328125,2013-01-30T04:34:12.441328,-75.59111772,159.99988313763086,85.351562
412,2013-01-30T04:34:14.706154,160.5100148956661,-75.29650983,119.804688,,,,,2013-01-30T04:34:15.900321,-75.40919697,160.58218732432775,-4.824219
413,2013-01-30T10:27:02.463448,160.64131202455965,-75.49467942,-4.824219,2013-01-30T10:27:02.242477,-75.4147133,160.67108191167117,113.476562,2013-01-30T10:27:03.330561,-75.49485121,160.6298621,-4.912109
414,2013-01-31T08:34:52.575918,160.29588116642262,-75.29132366,128.59375,,,,,2013-01-31T08:34:52.839365,-75.29101313,160.3184681285869,128.066406
415,2013-02-01T17:02:42.513258,161.11171520907533,-75.33076872,121.210938,,,,,2013-02-01T17:02:43.313725,-75.44010949,161.28945973938468,95.195312
416,2013-02-02T23:51:34.103304,160.75009627488282,-75.20241326,99.589844,,,,,,,,
417,2013-02-05T22:20:34.226943,160.4078855681521,-75.30620326,112.070312,2013-02-05T22:20:35.122975,-75.30620326,160.4078855681521,112.070312,,,,
418,2013-02-06T21:01:57.397565,160.46206895069477,-75.27802418,111.015625,,,,,2013-02-06T21:01:57.742924,-75.42393773,160.69540051239758,-4.824219
419,2013-02-07T02:12:23.362626,160.8635137519382,-75.22663156,111.894531,,,,,2013-02-07T02:12:24.999550,-75.36714161,161.06985217389024,-4.824219
420,2013-02-08T02:22:45.218304,160.37673359927078,-75.29157166,118.925781,,,,,2013-02-08T02:22:44.813349,-75.29157166,160.37673359927078,118.925781
421,2013-02-10T05:24:16.483903,160.32370559852606,-75.44989026,-4.648438,2013-02-10T05:24:15.747476,-75.38551222,160.60784131843133,125.078125,2013-02-10T05:24:15.848624,-75.53042916,160.2459940291572,-4.824219
422,2013-02-11T13:25:35.460681,160.85655741352468,-75.28020057,112.070312,,,,,2013-02-11T13:25:35.931929,-75.39392442,160.94458163101768,-4.824219
423,2013-02-15T23:40:51.436388,160.38166729271367,-75.30383328,121.914062,2013-02-15T23:40:50.263383,-75.30383328,160.38166729271367,121.914062,,,,
424,2013-02-15T23:41:22.112845,160.55079675260274,-75.30961247,111.367188,2013-02-15T23:41:22.191803,-75.30961247,160.55079675260274,111.367188,,,,
425,2013-02-18T10:26:59.021544,160.2575596409948,-75.24526982,119.101562,,,,,2013-02-18T10:26:59.031365,-75.24526982,160.2575596409948,119.101562
426,2013-02-26T07:35:28.737978,160.60627311417602,-75.33345267,113.476562,,,,,2013-02-26T07:35:30.238506,-75.44191549,160.68524248285513,-4.824219
427,2013-02-28T12:14:53.094028,160.0424848128894,-75.3083486,-4.824219,2013-02-28T12:14:52.974468,-75.25153533,160.3002825216294,118.574219,2013-02-28T12:14:54.825809,-75.3083486,160.0424848128894,-4.824219
428,2013-03-01T03:49:17.267084,161.12228615287768,-75.16468712,131.582031,,,,,2013-03-01T03:49:17.670473,-75.16468712,161.12228615287768,131.582031
429,2013-03-01T06:11:43.478424,160.41101273460157,-75.35137702,-4.824219,2013-03-01T06:11:42.648633,-75.17347194,160.0943771786937,114.882812,2013-03-01T06:11:43.660407,-75.3878414,160.44872276003224,-3.066406
430,2013-03-01T06:11:45.018370,160.25274985318308,-75.23300706,112.246094,,,,,2013-03-01T06:11:44.979356,-75.23300706,160.25274985318308,112.246094
431,2013-03-02T03:11:24.251528,160.44910141149643,-75.3453533,-4.824219,,,,,2013-03-02T03:11:23.927654,-75.42883341,160.64396430776173,-4.824219
432,2013-03-03T20:47:40.780104,160.96846915840956,-75.32771443,131.757812,,,,,2013-03-03T20:47:42.089060,-75.49134907,161.33927133185762,101.523438
433,2013-03-04T12:30:09.337390,160.74942944545754,-75.45463665,-4.296875,,,,,2013-03-04T12:30:11.771927,-75.40397103,160.65633052102405,-4.648438
434,2013-03-06T09:30:14.210466,161.41438529582513,-75.69037208,27.34375,2013-03-06T09:30:14.235282,-75.69037208,161.41438529582513,24.53125,2013-03-06T09:30:14.282330,-75.54439837,161.05074144515828,83.417969
435,2013-03-08T14:23:40.963329,160.13880031678957,-75.35506515,-4.824219,2013-03-08T14:23:41.625915,-75.29908423,160.32925643220642,116.992188,2013-03-08T14:23:42.254124,-75.4486649,160.60134488810473,-4.824219
436,2013-03-12T12:37:54.367008,159.96407994570603,-75.21345514,129.296875,,,,,2013-03-12T12:37:53.785115,-75.21345514,159.96407994570603,129.296875
437,2013-03-14T03:06:58.309670,160.980741,-75.26992828,122.089844,,,,,2013-03-14T03:06:59.855141,-75.38128749,161.12457405607233,-4.824219
438,2013-03-15T10:48:23.230934,160.55947580963027,-75.3670438,-4.648438,,,,,,,,
439,2013-03-16T11:30:45.221096,161.17190313426698,-75.37360693,131.757812,,,,,2013-03-16T11:30:45.845735,-75.5122463,161.6163044343397,96.074219
440,2013-03-17T13:32:44.606814,160.55936666209476,-75.45202805,-4.648438,2013-03-17T13:32:43.101490,-75.4160833,160.57998518081538,-4.648438,,,,
441,2013-03-17T17:41:42.726560,160.44399851725657,-75.26458336,126.660156,,,,,2013-03-17T17:41:43.695466,-75.26458336,160.44399851725657,126.660156
442,2013-03-20T17:45:47.565494,160.6836834866189,-75.22948901,123.144531,,,,,2013-03-20T17:45:47.442329,-75.22948901,160.6836834866189,123.144531
443,2013-03-21T19:03:47.411211,160.25507848824756,-75.22612673,121.914062,,,,,2013-03-21T19:03:47.341230,-75.39147915,160.75528173667885,-4.824219
444,2013-03-22T23:50:43.956578,160.91347001064008,-75.2545969,119.277344,,,,,2013-03-22T23:50:45.403245,-75.37977555,161.0526920052222,-4.824219
445,2013-03-24T17:17:25.907305,160.52454913282156,-75.30725907,115.585938,,,,,2013-03-24T17:17:27.143374,-75.42206862,160.72772657664305,-4.824219
446,2013-03-24T22:06:54.974586,161.18700583186947,-75.38431461,124.726562,,,,,2013-03-24T22:06:55.924277,-75.54103641,161.39898771636092,89.042969
447,2013-03-25T10:04:31.592319,160.7105924,-75.47717417,136.855469,,,,,2013-03-25T10:04:31.722850,-75.47717417,160.7105924,136.855469
448,2013-03-30T23:42:53.435263,160.95938926675106,-75.20448825,124.023438,,,,,2013-03-30T23:42:54.201056,-75.36850837,161.3042505509787,-4.824219
449,2013-04-01T17:55:18.415883,160.7286476065802,-75.22878815,120.683594,,,,,2013-04-01T17:55:19.406797,-75.23030603,160.7192332430804,119.804688
450,2013-04-02T05:45:05.640343,160.33586379964927,-75.25241304,118.398438,,,,,2013-04-02T05:45:05.228797,-75.25241304,160.33586379964927,118.398438
451,2013-04-02T11:56:46.530770,160.73030762143688,-75.45767523,110.664062,,,,,2013-04-02T11:56:46.868349,-75.52782536,160.80435904689404,-4.824219
452,2013-04-02T12:11:38.612614,160.40972473277355,-75.27329408,113.828125,,,,,2013-04-02T12:11:38.606272,-75.27329408,160.40972473277355,113.828125
453,2013-04-05T11:39:58.763389,160.2836524984859,-75.24765391,128.242188,,,,,2013-04-05T11:39:58.583069,-75.24765391,160.2836524984859,128.242188
454,2013-04-08T12:28:51.117869,161.0315026662234,-75.26495835,122.792969,,,,,2013-04-08T12:28:52.885984,-75.38471215,161.16429434503934,-4.824219
455,2013-04-10T08:32:27.580010,160.57409487219084,-75.46277771,-4.648438,2013-04-10T08:32:26.989523,-75.39760773,160.53155296112052,132.109375,2013-04-10T08:32:27.884467,-75.53903851,160.60890284709296,-4.824219
456,2013-04-10T08:39:57.754377,160.37144937822765,-75.25328512,121.738281,,,,,2013-04-10T08:39:57.897758,-75.25328512,160.37144937822765,121.738281
457,2013-04-10T15:16:18.490091,160.34924051904457,-75.27962611,116.113281,,,,,2013-04-10T15:16:18.486798,-75.27962611,160.34924051904457,116.113281
458,2013-04-14T11:28:27.497994,160.75165779925214,-75.21198113,130.527344,,,,,2013-04-14T11:28:26.891374,-75.21198113,160.75165779925214,130.527344
459,2013-04-15T21:53:14.045927,160.89963809670013,-75.28635239,123.847656,,,,,2013-04-15T21:53:14.529387,-75.28635239,160.89963809670013,123.847656
460,2013-04-17T21:05:01.463129,160.3228798240192,-75.37179033,-4.824219,2013-04-17T21:05:00.928167,-75.35394109,160.51852449591289,126.835938,2013-04-17T21:05:01.791181,-75.47292192,160.3432143891733,-4.824219
461,2013-04-18T14:15:21.433753,160.76209175539304,-75.17755736,127.539062,,,,,2013-04-18T14:15:20.161673,-75.17755736,160.76209175539304,126.835938
462,2013-04-20T10:59:31.880608,160.8606880768941,-75.56807953,100.46875,,,,,2013-04-20T10:59:32.026995,-75.68226676,161.01042773983443,78.144531
463,2013-04-26T22:59:50.203946,160.7344051238046,-75.22458655,143.535156,,,,,2013-04-26T22:59:49.467131,-75.22458655,160.7344051238046,143.535156
464,2013-04-28T15:42:18.830942,160.63290302547952,-75.42077521,-4.648438,2013-04-28T15:42:20.022847,-75.42077521,160.63290302547952,-4.648438,2013-04-28T15:42:20.071311,-75.41112744,160.59063430355434,-4.912109
465,2013-05-04T22:12:28.210282,160.34135940957074,-75.31672761,112.949219,,,,,2013-05-04T22:12:28.492489,-75.31672761,160.34135940957074,112.949219
466,2013-05-10T11:41:34.512132,160.79768001691335,-75.23728804,119.804688,,,,,2013-05-10T11:41:36.651418,-75.40196689,160.95579599208352,-4.648438
467,2013-05-15T04:17:04.151314,160.60627311417602,-75.33345267,128.242188,,,,,,,,
468,2013-05-18T08:44:16.082383,160.93695075526875,-75.20486288,128.066406,,,,,,,,
469,2013-05-24T19:26:23.401731,160.44409659755033,-75.33309206,102.578125,,,,,,,,
470,2013-05-26T02:59:08.393451,160.67336869888592,-75.20498346,129.472656,,,,,,,,
471,2013-05-27T20:46:12.011117,160.85983927108808,-75.29933819,116.992188,,,,,,,,
472,2013-05-28T01:15:12.581423,160.74309669876308,-75.4163462,136.328125,,,,,,,,
473,2013-05-28T20:22:39.834727,160.73030762143688,-75.45767523,124.726562,,,,,,,,
474,2013-06-03T06:39:35.119598,160.73979560704558,-75.51511763,121.210938,,,,,,,,
475,2013-06-04T18:40:28.302230,160.3051383984927,-75.26379756,115.234375,,,,,,,,
476,2013-06-13T12:30:07.790503,160.27650108575142,-75.24227236,130.703125,,,,,,,,
477,2013-06-14T03:27:42.370305,160.63425221510866,-75.20147442,124.550781,,,,,,,,
478,2013-06-15T02:24:32.405107,160.39571071774932,-75.28856386,147.753906,,,,,,,,
479,2013-06-18T11:47:32.512789,161.0176872,-75.31317844,117.695312,,,,,,,,
480,2013-06-20T15:21:45.311083,160.99239912333238,-75.24505657,116.992188,,,,,,,,
481,2013-06-25T05:40:30.754304,161.0931254743896,-75.30092242,124.726562,,,,,,,,
482,2013-06-26T09:44:16.065796,160.6858552521798,-75.42545485,133.164062,,,,,,,,
483,2013-06-30T03:47:25.153562,160.5741623090311,-75.20786573,138.085938,,,,,,,,
484,2013-07-01T06:54:48.912901,160.21359607024215,-75.61035712,-4.648438,2013-07-01T06:54:49.771230,-75.36469111,160.5331226552611,131.757812,,,,
485,2013-07-04T05:55:04.239386,160.95479800208827,-75.25117013,125.429688,,,,,,,,
486,2013-07-07T07:50:38.398320,160.28054964776277,-75.15044836,125.605469,,,,,,,,
487,2013-07-11T09:34:37.003038,160.55969031801968,-75.19712202,127.539062,,,,,,,,
488,2013-07-15T20:34:07.009829,160.2172208771414,-75.23211625,126.132812,,,,,,,,
489,2013-07-20T03:37:50.903901,160.29565759492684,-75.26529776,135.449219,,,,,,,,
490,2013-08-01T03:13:56.208298,160.64086157575392,-75.22329675,105.742188,,,,,,,,
491,2013-08-04T22:47:25.408709,160.48434416557342,-75.20919658,108.554688,,,,,,,,
492,2013-08-10T20:25:22.129558,160.46887684846124,-75.14640782,140.546875,,,,,,,,
493,2013-08-12T11:40:24.792136,160.33586379964927,-75.25241304,129.648438,,,,,,,,
494,2013-08-17T04:23:14.388487,159.9570629084163,-75.20806392,114.179688,,,,,,,,
495,2013-08-18T05:50:24.449103,160.76837087168258,-75.21582752,136.679688,,,,,,,,
496,2013-08-21T13:32:51.683996,160.43671628424892,-75.19070901,114.53125,,,,,,,,
497,2013-08-22T10:30:31.739240,160.0491242,-75.2260887,112.773438,,,,,2013-08-22T10:30:32.662730,-75.46075981,160.52471620306704,-4.824219
498,2013-08-25T05:05:31.073255,160.36460868694311,-75.27393114,119.101562,,,,,,,,
499,2013-08-28T15:40:46.219685,160.1651208687377,-75.22732981,116.992188,,,,,,,,
500,2013-08-31T10:41:08.927493,160.32881182778553,-75.36759795,-4.824219,2013-08-31T10:41:09.620563,-75.35176236,160.2844643366203,-4.648438,2013-08-31T10:41:08.404994,-75.42860713,160.37629179124886,-4.824219
501,2013-08-31T15:20:24.484032,160.1365183021764,-75.30988778,-4.648438,,,,,2013-08-31T15:20:24.995268,-75.43420414,160.46522695727356,-4.648438
502,2013-09-01T04:46:38.081103,159.91085217745362,-75.01423022,135.273438,,,,,2013-09-01T04:46:37.604737,-75.01423022,159.91085217745362,135.273438
503,2013-09-04T13:41:36.861811,160.3030638606611,-75.29670516,110.664062,,,,,2013-09-04T13:41:38.581770,-75.42783878,160.52630841075432,-4.824219
504,2013-09-06T19:26:21.492140,160.12722328208835,-75.23330418,114.882812,,,,,,,,
505,2013-09-07T09:33:05.641299,160.67358437506104,-75.34887824,117.695312,2013-09-07T09:33:05.835071,-75.34887824,160.67358437506104,117.695312,,,,
506,2013-09-08T01:31:11.131816,160.2743649659554,-75.27517816,114.179688,,,,,2013-09-08T01:31:12.554078,-75.44211706,160.58072489046077,-4.824219
507,2013-09-11T07:26:56.230762,160.8359409544018,-75.34907427,-4.296875,,,,,2013-09-11T07:26:55.356011,-75.36748277,160.88459839461078,-4.648438
508,2013-09-13T19:48:37.721722,160.41964367163968,-75.29781513,116.289062,,,,,2013-09-13T19:48:38.426870,-75.43321448,160.5336451119409,-4.824219
509,2013-09-13T21:13:04.608179,161.11898513227848,-75.36904107,112.773438,,,,,2013-09-13T21:13:05.489943,-75.49937351,161.35078277519165,81.660156
510,2013-09-16T14:59:02.358857,160.29797115523522,-75.2584165,126.835938,,,,,2013-09-16T14:59:03.590378,-75.38482625,160.6532943,-4.648438
511,2013-09-17T00:42:27.923242,160.5096157278518,-75.38148113,-4.648438,,,,,2013-09-17T00:42:28.819709,-75.39844908,160.56750770200838,-4.824219
512,2013-09-17T15:21:33.509658,160.98924835245262,-75.44255301,-4.648438,2013-09-17T15:21:33.551057,-75.33919291,161.1003314000553,124.023438,2013-09-17T15:21:35.309264,-75.41957951,160.96875077751122,-4.824219
513,2013-09-20T19:00:46.369379,160.58074126010732,-75.52711499,-4.824219,2013-09-20T19:00:48.104861,-75.54034207,160.70450784391772,-4.648438,2013-09-20T19:00:48.127501,-75.51518833,160.5526264734874,-4.824219
514,2013-09-21T03:08:20.791277,160.37901301353028,-75.28468918,134.570312,,,,,2013-09-21T03:08:22.189627,-75.41994416,160.59688886092212,-4.824219
515,2013-09-23T00:46:18.184189,160.6019126,-75.34722364,126.484375,2013-09-23T00:46:19.573238,-75.34722364,160.6019126,126.484375,2013-09-23T00:46:21.914944,-75.41634208,160.37132002093696,-4.648438
516,2013-09-23T04:34:47.417120,161.0176872,-75.31317844,121.210938,,,,,2013-09-23T04:34:47.879514,-75.48123133,161.44207309985092,92.382812
517,2013-09-23T22:15:49.081885,160.22492585484457,-75.39366784,-4.648438,,,,,2013-09-23T22:15:49.405910,-75.44873004,160.20590229357776,-4.648438
518,2013-09-24T21:39:05.199349,160.71907691591952,-75.28923884,135.097656,,,,,2013-09-24T21:39:05.219356,-75.28923884,160.71907691591952,135.097656
519,2013-09-25T13:08:54.739556,160.8765601700051,-75.54588106,-4.648438,,,,,2013-09-25T13:08:55.587471,-75.575797,161.05995379077987,87.109375
520,2013-09-27T14:32:26.117430,160.1901436,-75.3502846,-4.824219,2013-09-27T14:32:28.439697,-75.38148113,160.5096157278518,-4.648438,2013-09-27T14:32:27.696398,-75.41524388,160.5439857955746,-4.824219
521,2013-09-28T22:03:20.155824,160.72402424674326,-75.419384,126.132812,,,,,2013-09-28T22:03:20.471234,-75.56619839,161.14055960066895,98.183594
522,2013-09-29T09:00:31.837956,161.11265914368204,-75.45555697,-4.824219,2013-09-29T09:00:32.931835,-75.47157377,161.2172558327326,-4.648438,2013-09-29T09:00:34.077463,-75.40770346,160.94052555332735,-4.824219
523,2013-10-02T03:51:07.714699,160.6005012915501,-75.38013946,128.945312,,,,,2013-10-02T03:51:10.170330,-75.44597808,160.59765928730766,-4.648438
524,2013-10-03T03:54:08.117877,160.67663994389213,-75.36802128,128.242188,,,,,2013-10-03T03:54:10.507357,-75.46233255,160.7834272194631,-4.648438
525,2013-10-03T12:51:19.372015,160.99135838673536,-75.31087937,121.210938,,,,,2013-10-03T12:51:21.887287,-75.40427237,161.06377519300253,-4.824219
526,2013-10-04T20:58:24.733064,160.4395822038932,-75.34685982,117.695312,,,,,2013-10-04T20:58:26.055585,-75.43872541,160.43649233175046,-4.824219
527,2013-10-05T23:05:56.648114,160.7295286048067,-75.31374676,127.011719,,,,,2013-10-05T23:05:56.639035,-75.31759565,160.74635289821313,126.835938
528,2013-10-10T08:48:40.194823,161.06449405985813,-75.33843602,122.441406,,,,,2013-10-10T08:48:40.387563,-75.33843602,161.06449405985813,122.441406
529,2013-10-11T08:26:28.837894,160.84663373608845,-75.37357988,161.992188,,,,,2013-10-11T08:26:32.186325,-75.62925089,161.30190461929521,94.492188
530,2013-10-11T13:43:08.887971,160.57409487219084,-75.46277771,-4.648438,2013-10-11T13:43:08.165202,-75.3895008,160.70612143651033,122.617188,2013-10-11T13:43:09.868073,-75.44354382,160.53030075413466,-4.912109
531,2013-10-13T05:08:55.938742,160.53599564992618,-75.38383664,-4.648438,,,,,2013-10-13T05:08:56.033583,-75.44143642,160.62635768146913,-4.824219
532,2013-10-13T05:16:24.691029,160.1320652146705,-75.19352433,149.863281,,,,,2013-10-13T05:16:24.776670,-75.19352433,160.1320652146705,149.863281
533,2013-10-13T06:27:18.474023,160.19232612968122,-75.21327338,109.433594,,,,,2013-10-13T06:27:16.586188,-75.41826496,160.52487300086952,-4.824219
534,2013-10-13T07:34:13.568351,161.2097302454274,-75.36745549,121.914062,,,,,2013-10-13T07:34:14.561304,-75.53623532,161.5098587063246,87.636719
535,2013-10-13T10:50:17.305292,160.82217976060156,-75.57417519,-4.296875,,,,,2013-10-13T10:50:17.013645,-75.4462529,160.3885612464389,-4.648438
536,2013-10-14T23:20:15.613481,160.38432860353856,-75.32297814,119.804688,,,,,2013-10-14T23:20:17.221317,-75.39354351,160.43326661830935,-4.648438
537,2013-10-15T02:54:01.620261,160.99135838673536,-75.31087937,120.507812,,,,,2013-10-15T02:54:02.061290,-75.5082256,161.31650295340052,84.648438
538,2013-10-16T22:08:54.882988,160.33415264220037,-75.31134709,-4.824219,,,,,2013-10-16T22:08:56.307977,-75.30984512,160.34365950584638,-4.648438
539,2013-10-19T02:14:14.927741,160.62091568288074,-75.34419655,125.429688,,,,,2013-10-19T02:14:14.820642,-75.34419655,160.62091568288074,125.429688
540,2013-10-19T12:25:18.284700,161.21730070639924,-75.33989084,119.804688,,,,,2013-10-19T12:25:18.967133,-75.48123133,161.44207309985092,89.570312
541,2013-10-19T17:07:21.647513,160.19377080809738,-75.37900828,-4.824219,2013-10-19T17:07:22.176110,-75.28954979,160.22453752738483,110.664062,2013-10-19T17:07:21.481125,-75.45965045,160.1566118248726,-4.912109
542,2013-10-22T03:16:43.448105,160.1722182676666,-75.1806709,116.992188,,,,,,,,
543,2013-10-22T05:09:23.559292,161.16052067088012,-75.38203492,119.804688,,,,,2013-10-22T05:09:24.403667,-75.52076988,161.3815430232252,91.855469
544,2013-10-22T07:59:25.597772,160.01551248072596,-75.27033593,-4.648438,2013-10-22T07:59:24.771384,-75.34722364,160.6019126,113.828125,2013-10-22T07:59:25.256070,-75.51706399,159.88965797802487,6.777344
545,2013-10-22T23:23:44.653231,160.63124085691635,-75.36871189,146.171875,,,,,2013-10-22T23:23:44.996724,-75.36871189,160.63124085691635,146.171875
546,2013-10-22T23:29:26.557929,160.28870378207216,-75.28594199,105.742188,,,,,,,,
547,2013-10-24T03:25:17.607245,160.51531360882382,-75.4197749,-4.648438,,,,,2013-10-24T03:25:18.368224,-75.4528651,160.59545891865767,-4.824219
548,2013-10-24T08:03:14.454538,161.10394865593486,-75.35832925,121.210938,,,,,2013-10-24T08:03:14.764183,-75.41910925,161.2362443447408,108.378906
549,2013-10-24T15:24:42.815388,160.49666778308088,-75.33781477,113.828125,,,,,2013-10-24T15:24:43.852499,-75.44798013,160.6469974298398,-4.824219
550,2013-10-26T00:22:06.015243,159.26545901248653,-75.45641832,109.257812,,,,,,,,
551,2013-10-26T19:04:21.379310,160.62525727737537,-75.33042532,126.484375,,,,,2013-10-26T19:04:22.571533,-75.55129099,161.04874422435765,86.054688
552,2013-10-27T00:33:58.158987,160.35283817526553,-75.28231596,120.507812,,,,,2013-10-27T00:34:00.083701,-75.42061887,160.55132266596885,-4.824219
553,2013-10-27T14:11:15.612212,160.26004727597584,-75.26441367,147.226562,,,,,,,,
554,2013-10-29T02:04:26.027088,160.2743649659554,-75.27517816,138.085938,,,,,2013-10-29T02:04:27.722948,-75.45437812,160.58588396045607,-4.648438
555,2013-10-30T16:44:32.496562,160.40273609810743,-75.43097836,-4.824219,2013-10-30T16:44:34.580198,-75.43216282,160.41596151208554,-4.824219,2013-10-30T16:44:34.407878,-75.45443238,160.44038973626718,-4.912109
556,2013-10-31T09:50:27.635261,160.4603477081412,-75.31093411,119.101562,,,,,2013-10-31T09:50:28.702729,-75.42531749,160.60424783260268,-4.824219
557,2013-10-31T09:52:52.575664,160.47145711752634,-75.38751549,-4.648438,,,,,,,,
558,2013-11-02T18:42:39.208067,160.9551875648428,-75.43488817,-4.296875,,,,,2013-11-02T18:42:40.191543,-75.38430903,160.8614953515715,-4.648438
559,2013-11-04T10:42:47.133490,160.57409487219084,-75.46277771,-4.648438,,,,,2013-11-04T10:42:47.427523,-75.43925354,160.49535952059085,-4.824219
560,2013-11-04T17:21:22.143691,160.68894337516028,-75.44460087,116.289062,,,,,2013-11-04T17:21:22.754350,-75.60564066,160.91354895858564,82.539062
561,2013-11-04T17:48:11.441607,160.7957584328533,-75.30310844,121.914062,,,,,2013-11-04T17:48:13.018200,-75.40758218,160.7775082482154,-4.824219
562,2013-11-06T04:45:41.711849,160.65937486161064,-75.42311657,132.460938,,,,,2013-11-06T04:45:42.382487,-75.63400905,161.02462645385938,95.898438
563,2013-11-08T16:53:00.441730,160.00234138783551,-75.38281751,-4.648438,2013-11-08T16:53:00.979402,-75.46410893,160.4826848290402,-4.648438,2013-11-08T16:53:00.691703,-75.45432333,160.39950520863877,-4.824219
564,2013-11-09T23:39:21.779596,160.0242411217292,-75.34693016,-4.648438,2013-11-09T23:39:18.623741,-75.3110838,160.25319099432517,131.757812,2013-11-09T23:39:19.797999,-75.49659789,160.10713156652932,-4.648438
565,2013-11-10T02:39:18.460321,160.47316223692349,-75.35460002,-4.296875,2013-11-10T02:39:21.660992,-75.35460002,160.47316223692349,-4.296875,2013-11-10T02:39:21.060067,-75.37642399,160.6649738802787,-4.648438
566,2013-11-12T05:38:09.716126,160.96043181846323,-75.35526976,126.835938,,,,,2013-11-12T05:38:10.244351,-75.56500547,161.20955779549857,95.195312
567,2013-11-13T09:57:46.427847,161.77504601303139,-75.41989244,-3.59375,,,,,,,,
568,2013-11-13T21:42:30.382228,161.1748692,-75.62323899,21.015625,,,,,,,,
569,2013-11-17T06:40:50.795970,160.32925643220642,-75.29908423,131.757812,2013-11-17T06:40:51.399152,-75.29908423,160.32925643220642,131.757812,2013-11-17T06:40:52.858735,-75.45561315,160.20351412356703,-4.824219
570,2013-11-17T10:43:15.394744,160.3959854797176,-75.38310703,-4.824219,2013-11-17T10:43:15.681572,-75.38751549,160.47145711752634,-4.648438,2013-11-17T10:43:15.278454,-75.41708686,160.5116514052057,-4.824219
571,2013-11-18T19:02:46.439347,160.22453752738483,-75.28954979,111.367188,,,,,2013-11-18T19:02:46.793802,-75.44528623,160.4570418901141,-4.824219
572,2013-11-20T03:16:06.736642,160.39611387830834,-75.31459093,116.289062,,,,,2013-11-20T03:16:07.515202,-75.45471553,160.56304666400007,-4.824219
573,2013-11-21T15:48:46.409865,161.68796561410096,-75.77863129,25.234375,,,,,2013-11-21T15:48:45.349101,-75.77863129,161.68796561410096,25.234375
574,2013-11-25T07:03:26.196946,161.4280930739776,-75.56932422,28.046875,,,,,2013-11-25T07:03:24.185815,-75.48455243,161.25917665605934,73.398438
575,2013-11-25T19:40:20.896489,160.75579600569182,-75.49293007,96.953125,,,,,2013-11-25T19:40:21.203453,-75.57076277,160.86445464055544,83.769531
576,2013-11-29T12:56:19.204415,160.6968487367469,-75.33207249,135.273438,,,,,2013-11-29T12:56:19.205462,-75.33207249,160.6968487367469,135.273438
577,2013-12-01T22:28:16.283094,161.12846462444531,-75.65696687,-4.296875,,,,,,,,
578,2013-12-03T06:01:14.798866,160.90429130580327,-75.33151573,116.992188,,,,,2013-12-03T06:01:14.479451,-75.43681273,161.00453632566368,-4.824219
579,2013-12-04T23:13:00.228603,160.2836524984859,-75.24765391,133.867188,,,,,2013-12-04T23:12:59.997560,-75.24765391,160.2836524984859,133.867188
580,2013-12-07T05:25:38.079709,160.6975487787882,-75.41705018,119.101562,2013-12-07T05:25:36.928733,-75.41705018,160.6975487787882,119.101562,2013-12-07T05:25:37.217927,-75.56965278,160.93349732849686,99.414062
581,2013-12-11T13:07:49.826990,160.2714967819395,-75.20398764,141.953125,,,,,,,,
582,2013-12-11T18:55:41.653392,160.30975390924374,-75.25003498,122.617188,,,,,,,,
583,2013-12-12T16:58:49.764420,160.5096157278518,-75.38148113,110.664062,,,,,,,,
584,2013-12-16T05:52:23.569578,160.39077037611008,-75.27630295,122.617188,,,,,,,,
585,2013-12-16T16:55:33.090968,160.51288617776157,-75.46915634,-4.824219,2013-12-16T16:55:33.874823,-75.48192673,160.57704208395904,-4.648438,2013-12-16T16:55:34.358496,-75.43140997,160.42075076633776,-4.912109
586,2013-12-18T09:42:45.312558,160.35022566105314,-75.26317242,127.539062,,,,,,,,
587,2013-12-18T21:25:45.534043,160.85489743288525,-75.34602755,114.882812,,,,,2013-12-18T21:25:46.497464,-75.41417954,160.8797133097968,-4.648438
588,2013-12-18T21:31:18.329202,161.54343669305797,-75.58364671,-4.648438,,,,,2013-12-18T21:31:16.684855,-75.52002161,161.5687569408474,110.664062
589,2013-12-22T16:51:10.514597,160.9483183458126,-75.39660528,130.703125,2013-12-22T16:51:11.055613,-75.39660528,160.9483183458126,130.703125,2013-12-22T16:51:13.257447,-75.45159649,160.76854324274134,-4.648438
590,2013-12-25T20:50:32.063887,160.6425415255941,-75.27534364,134.921875,,,,,2013-12-25T20:50:33.192909,-75.42600555,160.82628851440774,-4.824219
591,2013-12-26T16:20:36.412986,160.92859091657112,-75.24886404,114.179688,,,,,,,,
592,2013-12-28T21:28:53.319270,160.36865875221847,-75.39719322,-4.648438,,,,,2013-12-28T21:28:54.662219,-75.45236281,160.53653244230176,-4.824219
593,2013-12-29T06:01:14.391080,160.34135940957074,-75.31672761,-4.824219,,,,,2013-12-29T06:01:13.475734,-75.46848924,160.55860795052126,-1.308594
594,2013-12-29T18:18:16.226062,160.48101078212292,-75.2750093,111.367188,,,,,2013-12-29T18:18:17.024298,-75.39962389,160.5807167897922,-4.824219
595,2013-12-31T10:53:42.178306,160.57704208395904,-75.48192673,-4.648438,2013-12-31T10:53:43.039296,-75.49570151,160.57260843157812,-4.296875,,,,
596,2013-12-31T10:54:14.895619,160.8953872747515,-75.39198705,-4.296875,,,,,,,,
597,2014-01-01T08:58:41.184424,161.19462832760843,-75.35674972,-4.648438,,,,,,,,
598,2014-01-03T15:56:54.878065,160.39571071774932,-75.28856386,122.792969,,,,,2014-01-03T15:56:54.882741,-75.28856386,160.39571071774932,122.792969
599,2014-01-03T22:03:54.460710,160.42143850465987,-75.40193408,-4.648438,,,,,,,,
600,2014-01-05T08:20:27.104229,160.44311925729158,-75.28103749,113.476562,,,,,2014-01-05T08:20:27.531647,-75.43117352,160.6704526992454,-4.824219
601,2014-01-07T00:18:11.665431,160.62581747070152,-75.50039591,-4.296875,,,,,2014-01-07T00:18:12.326622,-75.60432029,160.04103752713033,81.132812
602,2014-01-07T21:00:55.108158,161.0027831342485,-75.3024612,118.398438,,,,,2014-01-07T21:00:56.377452,-75.40502947,161.0997758915916,-4.648438
603,2014-01-08T08:48:36.940853,160.49666778308088,-75.33781477,101.171875,,,,,2014-01-08T08:48:37.575521,-75.43489094,160.6057366284714,-4.824219
604,2014-01-10T07:45:34.856091,160.4481053119036,-75.29329737,124.902344,,,,,2014-01-10T07:45:34.840375,-75.29329737,160.4481053119036,124.902344
605,2014-01-11T04:46:06.943561,161.05188153510267,-75.28791855,95.898438,,,,,2014-01-11T04:46:07.448455,-75.33958174,161.07768824081634,-4.824219
606,2014-01-12T16:31:16.079418,161.34946888480283,-75.35122436,121.914062,,,,,2014-01-12T16:31:16.746358,-75.46796099,161.56369554062104,95.546875
607,2014-01-15T00:10:57.209970,160.9483183458126,-75.39660528,92.734375,,,,,2014-01-15T00:10:57.272193,-75.52104118,161.0529314512007,71.816406
608,2014-01-16T02:34:49.771185,160.54791897509295,-75.2904702,135.976562,,,,,2014-01-16T02:34:49.358723,-75.2904702,160.54791897509295,135.976562
609,2014-01-22T04:47:19.015813,160.9272608638562,-75.31468704,137.382812,,,,,2014-01-22T04:47:21.372742,-75.45392221,160.7950937268661,-4.648438
610,2014-01-22T21:36:47.667877,160.5100148956661,-75.29650983,124.726562,,,,,2014-01-22T21:36:49.265383,-75.40479265,160.69230828225474,-4.824219
611,2014-01-23T12:04:11.591287,160.43138823517603,-75.28942653,135.273438,,,,,2014-01-23T12:04:11.277227,-75.28942653,160.43138823517603,135.273438
612,2014-01-24T00:22:14.106398,160.42867123957296,-75.27028362,119.101562,,,,,,,,
613,2014-01-24T19:12:53.431568,160.0899955416058,-75.32692424,-4.824219,2014-01-24T19:12:53.801126,-75.39719322,160.36865875221847,-4.648438,2014-01-24T19:12:53.910649,-75.32692424,160.0899955416058,-4.824219
614,2014-01-25T10:26:19.752443,161.0557989424793,-75.27414112,127.890625,,,,,2014-01-25T10:26:19.734396,-75.27414112,161.0557989424793,127.890625
615,2014-01-26T04:05:04.011939,160.71252949121813,-75.36883962,122.441406,2014-01-26T04:05:04.325152,-75.36883962,160.71252949121813,122.441406,2014-01-26T04:05:06.463564,-75.43303453,160.6380988527018,-4.824219
616,2014-01-29T07:02:13.576512,160.44046949441272,-75.33040336,123.144531,,,,,2014-01-29T07:02:15.215910,-75.42901606,160.5395410611454,-4.824219
617,2014-01-29T07:06:50.058747,160.45688170852617,-75.37676098,-4.648438,,,,,,,,
618,2014-01-31T07:36:43.607391,160.91242185359408,-75.30396382,119.804688,,,,,2014-01-31T07:36:44.788630,-75.39622935,160.9710543190946,-4.824219
619,2014-01-31T19:32:47.546720,160.3476199641155,-75.24402964,126.132812,,,,,2014-01-31T19:32:47.373059,-75.24402964,160.3476199641155,126.132812
620,2014-02-01T06:17:30.103527,160.32881182778553,-75.36759795,-4.824219,2014-02-01T06:17:29.454328,-75.29070033,160.34105408984425,116.992188,2014-02-01T06:17:30.057050,-75.3908543,160.42962631679762,-4.824219
621,2014-02-01T17:49:28.856255,160.28259331357478,-75.26410674,122.089844,,,,,,,,
622,2014-02-06T16:06:25.815864,160.47764716736603,-75.34083136,113.476562,,,,,2014-02-06T16:06:26.331789,-75.44799676,160.5538492283543,-4.912109
623,2014-02-07T14:31:29.243720,161.23235567137186,-75.28476572,116.992188,,,,,2014-02-07T14:31:29.471902,-75.40836044,161.66465316355524,83.769531
624,2014-02-10T01:42:07.204110,160.7537152419225,-75.32296295,103.984375,,,,,2014-02-10T01:42:07.253683,-75.3941631,160.7589827237549,-4.648438
625,2014-02-10T09:00:26.968130,160.39250022399295,-75.31190159,-4.824219,,,,,,,,
626,2014-02-13T02:38:54.249578,160.39343859507653,-75.29544656,136.679688,,,,,2014-02-13T02:38:54.223703,-75.29275728,160.3898302,136.503906
627,2014-02-13T19:50:33.978329,160.41599582426412,-75.36363948,137.382812,,,,,2014-02-13T19:50:34.055453,-75.36363948,160.41599582426412,137.382812
628,2014-02-13T23:43:02.251980,161.02909852779095,-75.30475889,122.617188,,,,,,,,
629,2014-02-14T07:08:52.738491,160.6532943,-75.38482625,104.335938,,,,,2014-02-14T07:08:53.258818,-75.45569117,160.6809246826945,-4.824219
630,2014-02-15T21:05:21.027927,160.65633052102405,-75.40397103,-4.648438,2014-02-15T21:05:23.127001,-75.40630958,160.68277535025672,-4.648438,2014-02-15T21:05:22.686897,-75.42743773,160.7351353374902,-4.824219
631,2014-02-17T06:15:08.479724,160.5419764995556,-75.33715114,128.242188,,,,,,,,
632,2014-02-17T09:55:23.833951,160.45758860497153,-75.29179066,117.695312,,,,,,,,
633,2014-02-18T10:20:19.637589,160.11640202298548,-75.27727346,123.144531,,,,,,,,
634,2014-02-23T08:39:39.769291,160.19592357526452,-75.24198852,120.332031,,,,,2014-02-23T08:39:39.967537,-75.24198852,160.19592357526452,120.332031
635,2014-02-23T15:23:24.915381,160.49725373517663,-75.36384438,123.144531,,,,,2014-02-23T15:23:26.786244,-75.44396536,160.54833489454288,-4.824219
636,2014-02-24T02:18:38.574412,160.42055046789702,-75.28136049,106.621094,,,,,,,,
637,2014-02-24T20:26:53.241188,161.06685041304735,-75.64702744,-2.539062,,,,,,,,
638,2014-02-27T01:46:04.707371,160.54774254692327,-75.37544044,131.054688,,,,,2014-02-27T01:46:04.577399,-75.37544044,160.54774254692327,131.054688
639,2014-03-01T12:01:40.779104,160.78222067075473,-75.37734694,117.695312,,,,,2014-03-01T12:01:41.963915,-75.53135823,160.92662148408309,82.539062
640,2014-03-05T23:32:15.613687,160.30074661858333,-75.30358704,118.925781,,,,,,,,
641,2014-03-06T11:48:16.821707,160.7030223512545,-75.37035728,129.648438,,,,,,,,
642,2014-03-07T20:56:10.426538,160.41150065206878,-75.30889233,-4.824219,,,,,2014-03-07T20:56:10.991881,-75.43052665,160.52997607753485,-0.429688
643,2014-03-08T20:07:28.532632,160.33356908191158,-75.25929459,110.839844,,,,,,,,
644,2014-03-10T08:41:13.102339,160.31589917227106,-75.27186882,124.199219,,,,,,,,
645,2014-03-14T13:37:54.803363,160.53910485553942,-75.31800762,120.507812,,,,,2014-03-14T13:37:56.441401,-75.39777117,160.6130032,-4.824219
646,2014-03-16T09:33:14.771510,160.27543423665935,-75.25872496,128.769531,,,,,2014-03-16T09:33:14.513144,-75.25872496,160.27543423665935,128.769531
647,2014-03-19T13:08:20.017452,160.55339451424626,-75.49872552,-4.648438,,,,,2014-03-19T13:08:21.907007,-75.48175027,160.49511520562314,-4.824219
648,2014-03-20T20:28:14.070724,160.7197502522448,-75.43315975,119.453125,,,,,2014-03-20T20:28:14.950540,-75.60942845,160.8481040479505,88.867188
649,2014-03-21T01:52:31.183395,160.49105104447514,-75.29952729,116.640625,,,,,2014-03-21T01:52:32.426403,-75.42580226,160.6630661,-4.824219
650,2014-03-22T00:06:57.183793,160.96846915840956,-75.32771443,107.851562,,,,,2014-03-22T00:06:57.848048,-75.40504055,161.01828160993992,-4.824219
651,2014-03-29T02:35:09.696555,160.43595244870937,-75.34417098,95.371094,,,,,2014-03-29T02:35:09.125019,-75.43573514,160.54871967026736,-4.912109
652,2014-03-29T04:40:27.722966,160.3123109123101,-75.26917844,120.507812,,,,,,,,
653,2014-03-30T07:06:51.672748,160.70687909710443,-75.47448895,115.585938,,,,,,,,
654,2014-03-31T00:25:14.138914,160.62390065261758,-75.36334009,121.914062,2014-03-31T00:25:14.248949,-75.36334009,160.62390065261758,121.914062,,,,
655,2014-04-01T22:31:32.998579,161.32347861420328,-75.41480181,-3.945312,,,,,2014-04-01T22:31:33.360913,-75.3972099,161.31009604160067,-2.714844
656,2014-04-03T13:39:38.849225,160.57704208395904,-75.48192673,-4.648438,,,,,2014-04-03T13:39:37.369474,-75.46023923,160.46575995031822,-4.824219
657,2014-04-03T21:01:18.791943,160.58509234656032,-75.34336375,122.441406,,,,,2014-04-03T21:01:20.369739,-75.43606362,160.61898222597569,-4.824219
658,2014-04-06T19:19:13.084954,161.07139484819663,-75.2190348,126.484375,,,,,,,,
659,2014-04-08T18:28:52.244678,160.85655741352468,-75.28020057,108.554688,,,,,2014-04-08T18:28:53.483870,-75.38360116,160.98830528932862,-4.824219
660,2014-04-10T08:03:26.002154,160.4757054147168,-75.30523119,117.519531,,,,,2014-04-10T08:03:26.240953,-75.30523119,160.4757054147168,117.519531
661,2014-04-13T03:07:09.768160,160.49830998104827,-75.30490264,112.773438,,,,,2014-04-13T03:07:11.057301,-75.44237934,160.74413113799147,-4.824219
662,2014-04-15T03:05:20.875245,161.53832985475196,-75.35317423,130.703125,,,,,2014-04-15T03:05:21.450126,-75.46962333,161.89499518507236,104.511719
663,2014-04-15T10:23:12.988690,160.52454913282156,-75.30725907,129.648438,,,,,2014-04-15T10:23:13.656508,-75.30725907,160.52454913282156,129.648438
664,2014-04-15T10:26:03.662633,160.89612978676791,-75.359069,119.101562,,,,,,,,
665,2014-04-17T13:52:42.407343,161.0266811917777,-75.34456284,121.738281,,,,,,,,
666,2014-04-20T14:29:46.072713,160.63557998377405,-75.35493974,129.648438,,,,,2014-04-20T14:29:45.870849,-75.35493974,160.63557998377405,129.648438
667,2014-04-21T22:52:34.621543,160.47764716736603,-75.34083136,116.992188,,,,,2014-04-21T22:52:34.648309,-75.47217515,160.4936951854427,-4.824219
668,2014-04-23T11:58:12.023912,160.32869084208568,-75.2470331,113.828125,,,,,,,,
669,2014-04-26T02:47:27.748674,161.20219920478064,-75.34564417,127.011719,,,,,2014-04-26T02:47:27.739811,-75.3429678,161.1984286995877,127.890625
670,2014-04-27T00:01:59.303350,160.43138823517603,-75.28942653,137.382812,,,,,2014-04-27T00:01:59.130362,-75.28942653,160.43138823517603,137.382812
671,2014-04-28T05:20:07.893112,160.91187566903523,-75.15319893,128.945312,,,,,2014-04-28T05:20:07.993984,-75.15319893,160.91187566903523,128.945312
672,2014-04-28T16:01:54.510320,160.4078855681521,-75.30620326,127.539062,,,,,2014-04-28T16:01:55.732299,-75.44161098,160.5218429,-4.824219
673,2014-04-28T21:47:50.759783,160.96132064510513,-75.30589716,115.058594,,,,,2014-04-28T21:47:51.528829,-75.39679241,160.93694994457752,-4.912109
674,2014-04-30T08:57:31.758813,160.75579600569182,-75.49293007,105.390625,,,,,2014-04-30T08:57:31.240745,-75.58075453,160.92559852283836,84.824219
675,2014-05-04T03:31:06.079867,160.41964367163968,-75.29781513,115.585938,,,,,2014-05-04T03:31:06.704873,-75.43606362,160.61898222597569,-4.824219
676,2014-05-05T09:43:47.808580,160.37408800109418,-75.27242801,102.050781,,,,,2014-05-05T09:43:48.006054,-75.41640214,160.65015274595495,-4.912109
677,2014-05-05T10:13:57.275882,161.1043502661437,-75.30895591,122.441406,,,,,2014-05-05T10:13:59.580226,-75.36714161,161.06985217389024,-4.824219
678,2014-05-07T13:02:02.382749,161.14978448841464,-75.25880265,114.882812,,,,,2014-05-07T13:02:03.916937,-75.36397346,161.25130954076673,-4.824219
679,2014-05-09T04:52:38.658364,160.54218603540343,-75.25218794,134.570312,,,,,,,,
680,2014-05-10T17:58:51.649803,160.68277535025672,-75.40630958,116.992188,,,,,,,,
681,2014-05-10T20:15:40.692292,160.78301467530645,-75.22655813,100.117188,,,,,2014-05-10T20:15:39.962946,-75.36255201,161.01699008587755,-4.824219
682,2014-05-11T23:11:48.520211,160.03100096030565,-75.26466393,137.558594,,,,,2014-05-11T23:11:48.858616,-75.26466393,160.03100096030565,137.558594
683,2014-05-13T06:43:02.009044,160.48659155901197,-75.31329499,117.695312,,,,,,,,
684,2014-05-13T09:25:15.327500,161.34465159448268,-75.67515669,74.453125,,,,,,,,
685,2014-05-14T06:30:03.116346,160.5492731260477,-75.3425253,147.578125,,,,,,,,
686,2014-05-16T19:17:55.153038,160.81326188151488,-75.48380248,97.304688,,,,,,,,
687,2014-05-18T16:50:38.730402,160.97770453114282,-75.45097303,-4.648438,,,,,,,,
688,2014-05-21T01:18:46.186563,159.9098529,-75.73473571,36.132812,2014-05-21T01:18:46.179688,-75.77360937,159.8673236705781,18.203125,,,,
689,2014-05-21T18:08:39.495039,160.4603477081412,-75.31093411,114.882812,,,,,,,,
690,2014-05-22T07:10:59.558627,160.44585724362548,-75.30018067,121.210938,,,,,,,,
691,2014-05-24T12:03:35.377504,161.11003081401404,-75.30474405,121.035156,,,,,,,,
692,2014-05-24T15:03:41.063517,160.7770008,-75.42404242,133.867188,,,,,,,,
693,2014-05-24T22:37:23.107503,160.13405454407885,-75.34279697,-4.296875,,,,,,,,
694,2014-05-26T04:23:55.962032,159.99070813194766,-75.16383144,107.148438,,,,,,,,
695,2014-05-29T01:42:40.208160,160.74158510879786,-75.34782625,119.980469,,,,,,,,
696,2014-05-30T09:47:06.946212,160.8710567884368,-75.45819843,-4.824219,2014-05-30T09:47:07.288538,-75.38430903,160.8614953515715,111.367188,,,,
697,2014-05-30T14:54:21.328348,161.25107982318997,-75.24877557,140.898438,,,,,,,,
698,2014-05-31T03:42:53.421327,160.39077037611008,-75.27630295,116.992188,,,,,,,,
699,2014-05-31T18:05:11.334399,160.3580838979105,-75.32060534,-0.429688,,,,,,,,
700,2014-05-31T18:16:44.912472,160.35283817526553,-75.28231596,149.335938,,,,,,,,
701,2014-06-01T01:52:10.417812,160.36209123651057,-75.44387994,-4.648438,,,,,,,,
702,2014-06-01T11:41:05.607220,160.76003529656512,-75.36124542,143.359375,,,,,,,,
703,2014-06-01T20:41:53.189578,160.68030494573028,-75.47215286,96.601562,,,,,,,,
704,2014-06-03T20:49:34.292220,160.35643716075637,-75.28500577,111.894531,,,,,,,,
705,2014-06-05T12:39:59.009141,160.49105104447514,-75.29952729,115.234375,,,,,,,,
706,2014-06-06T12:05:41.661568,160.39343859507653,-75.29544656,119.101562,,,,,,,,
707,2014-06-08T16:46:15.918822,161.01419465128285,-75.29404261,112.773438,,,,,,,,
708,2014-06-11T10:56:29.442394,161.23232134279482,-75.23540014,122.089844,,,,,,,,
709,2014-06-11T20:07:28.776973,160.83329199043777,-75.44783267,124.023438,,,,,,,,
710,2014-06-13T14:53:56.948612,160.3051383984927,-75.26379756,111.015625,,,,,,,,
711,2014-06-18T08:24:33.296136,161.0102324067105,-75.30781991,116.640625,,,,,,,,
712,2014-06-18T08:29:17.223636,160.51604304285283,-75.24983384,131.054688,,,,,,,,
713,2014-06-19T21:34:42.270624,160.47207937146052,-75.30254317,120.507812,,,,,,,,
714,2014-06-22T12:38:40.356258,160.88280944057058,-75.28251519,104.335938,,,,,,,,
715,2014-06-26T09:03:43.251823,161.0837026447328,-75.30245578,122.441406,,,,,,,,
716,2014-06-27T19:03:12.376367,160.40519634670338,-75.28705937,112.773438,,,,,,,,
717,2014-06-28T22:47:10.341885,160.7069514095162,-75.15376358,124.023438,,,,,,,,
718,2014-06-30T02:34:23.639227,160.23147527648575,-75.24288271,116.992188,,,,,,,,
719,2014-07-01T00:12:24.358231,160.52011901435253,-75.32102767,120.859375,,,,,,,,
720,2014-07-02T07:48:36.499185,161.16052067088012,-75.38203492,101.523438,,,,,,,,
721,2014-07-02T13:34:24.329660,160.58290157070624,-75.35024914,117.695312,,,,,,,,
722,2014-07-05T01:35:43.173671,161.09118177878653,-75.30781182,112.597656,,,,,,,,
723,2014-07-07T05:17:04.295869,161.0404966183853,-75.29633894,123.320312,,,,,,,,
724,2014-07-10T00:19:03.210640,160.4064611551667,-75.36514466,-4.824219,2014-07-10T00:19:04.819947,-75.36127014,160.38967229657584,-4.648438,,,,
725,2014-07-10T19:12:32.145300,160.39571071774932,-75.28856386,127.363281,,,,,,,,
726,2014-07-10T19:14:03.322000,159.90312042038013,-75.18407261,131.054688,,,,,,,,
727,2014-07-10T19:16:27.794770,160.56530018652788,-75.40533511,116.289062,,,,,,,,
728,2014-07-11T12:53:03.313113,161.21730070639924,-75.33989084,112.773438,,,,,,,,
729,2014-07-12T02:35:25.863603,161.2400011457772,-75.38886473,108.554688,,,,,,,,
730,2014-07-12T19:12:17.187634,160.23392829313923,-75.26202675,135.273438,,,,,,,,
731,2014-07-16T09:11:45.506304,161.88320454383452,-75.46162713,13.632812,,,,,,,,
732,2014-07-16T09:29:49.175956,161.29640837599877,-75.31378483,102.578125,,,,,,,,
733,2014-07-16T22:36:33.609098,161.31727482363212,-75.33672322,116.816406,,,,,,,,
734,2014-07-21T10:04:21.997278,160.65027955425955,-75.22178218,107.324219,,,,,,,,
735,2014-07-22T06:47:59.617606,161.12672887299786,-75.34147941,106.445312,,,,,,,,
736,2014-07-23T03:10:52.795441,160.52975390989332,-75.27703591,109.785156,,,,,,,,
737,2014-07-25T03:13:12.195972,160.35381943870362,-75.26586216,107.324219,,,,,,,,
738,2014-07-27T01:52:48.665593,161.16475199189452,-75.26950914,124.726562,,,,,,,,
739,2014-07-27T07:54:39.109471,160.5565751,-75.34789927,126.835938,,,,,,,,
740,2014-07-27T23:48:04.883293,161.34946888480283,-75.35122436,98.710938,,,,,,,,
741,2014-07-31T03:14:13.780539,160.3318478043147,-75.3182295,112.773438,2014-07-31T03:14:13.975819,-75.3182295,160.3318478043147,112.773438,,,,
742,2014-08-03T03:16:54.064212,160.47764716736603,-75.34083136,114.882812,,,,,,,,
743,2014-08-03T07:38:18.178041,160.82310016705162,-75.54124457,-4.648438,2014-08-03T07:38:17.996247,-75.58343678,160.92938063431683,-4.296875,,,,
744,2014-08-05T08:27:40.191737,161.1003314000553,-75.33919291,125.429688,,,,,,,,
745,2014-08-05T11:24:13.331643,160.42691011702527,-75.4402317,-4.648438,2014-08-05T11:24:14.667971,-75.4425971,160.45338407621216,-4.648438,,,,
746,2014-08-06T23:00:09.609598,160.91496919148796,-75.53977666,109.960938,,,,,,,,
747,2014-08-10T23:42:45.251150,160.61770608585084,-75.24009279,116.289062,,,,,,,,
748,2014-08-13T16:16:17.139422,161.02470005166583,-75.35145231,111.367188,,,,,,,,
749,2014-08-18T07:14:17.875512,160.92388683126487,-75.29554977,131.054688,,,,,,,,
750,2014-08-18T17:31:40.047059,160.67358437506104,-75.34887824,107.148438,,,,,,,,
751,2014-08-26T15:10:22.135011,161.4070116551499,-75.71796374,5.546875,,,,,,,,
752,2014-08-29T21:55:06.344518,161.42621169553388,-75.43761457,95.546875,,,,,,,,
753,2014-08-30T01:33:50.194815,160.32152314860247,-75.24165299,130.351562,,,,,,,,
754,2014-08-30T18:03:56.912532,160.8320765467878,-75.2120658,98.007812,,,,,,,,
755,2014-08-31T07:49:36.636974,160.3690161,-75.42322644,-4.824219,2014-08-31T07:49:36.430004,-75.39790542,160.69445517636524,121.914062,,,,
756,2014-09-03T02:10:21.077277,161.1307969374394,-75.29478509,117.695312,,,,,,,,
757,2014-09-03T03:15:28.183401,161.24426872778898,-75.70438255,-0.078125,,,,,,,,
758,2014-09-03T15:28:37.524199,160.51568046731174,-75.33479658,105.039062,,,,,,,,
759,2014-09-07T17:01:16.170611,161.24426872778898,-75.70438255,1.328125,,,,,,,,
760,2014-09-09T02:09:35.623133,160.93196031830865,-75.26799931,109.960938,,,,,,,,
761,2014-09-09T21:01:17.600880,160.4843586,-75.32017897,117.871094,,,,,,,,
762,2014-09-11T07:11:56.039169,161.05920190856546,-75.64166672,-2.1875,,,,,,,,
763,2014-09-19T03:44:16.223033,160.52423511979575,-75.39223237,-4.648438,,,,,,,,
764,2014-09-19T22:04:56.429040,160.71546805968282,-75.44693582,-4.648438,,,,,,,,
765,2014-09-23T04:35:06.190980,160.46930643573035,-75.28340021,133.164062,,,,,,,,
766,2014-09-23T09:20:19.861412,160.7568789754963,-75.22423217,116.289062,,,,,,,,
767,2014-09-23T15:47:58.767969,160.37636567123593,-75.26554584,117.695312,,,,,,,,
768,2014-09-26T14:44:07.134101,161.47476533007455,-75.39005544,121.210938,,,,,,,,
769,2014-09-28T11:17:12.658106,160.39611387830834,-75.31459093,133.164062,,,,,,,,
770,2014-09-29T12:49:20.279766,160.9272608638562,-75.31468704,133.867188,,,,,,,,
771,2014-10-01T02:50:34.643847,160.6968487367469,-75.33207249,118.398438,,,,,,,,
772,2014-10-01T07:34:02.692856,160.32409413114027,-75.26079597,121.914062,,,,,,,,
773,2014-10-01T14:49:25.484337,160.2625414858465,-75.28355829,115.585938,,,,,,,,
774,2014-10-02T01:37:37.088038,160.44585724362548,-75.30018067,109.257812,,,,,,,,
775,2014-10-02T01:38:57.844899,160.29588116642262,-75.29132366,117.34375,,,,,,,,
776,2014-10-05T14:47:23.750995,161.01814936638925,-75.28026565,108.90625,,,,,,,,
777,2014-10-07T12:06:42.916455,160.7100057713694,-75.49363669,-4.648438,,,,,,,,
778,2014-10-17T00:07:41.728848,160.3538203,-75.36040072,-4.824219,2014-10-17T00:07:42.176934,-75.33479658,160.51568046731174,114.882812,,,,
779,2014-10-19T18:31:43.197775,160.37666376628218,-75.45464208,-4.648438,2014-10-19T18:31:43.799715,-75.45464208,160.37666376628218,-4.648438,,,,
780,2014-10-23T22:07:16.008688,160.7770008,-75.42404242,112.070312,,,,,,,,
781,2014-10-25T10:51:23.376946,161.35799674355266,-75.45533408,132.460938,,,,,,,,
782,2014-10-26T12:11:38.127077,160.3327189795098,-75.3963204,-4.824219,2014-10-26T12:11:38.275095,-75.31158136,160.41511706169953,119.453125,,,,
783,2014-10-26T22:48:07.784801,160.31487467468907,-75.28832267,109.257812,,,,,,,,
784,2014-10-28T20:27:44.188216,161.32159412493138,-75.69204032,4.140625,,,,,,,,
785,2014-11-01T18:39:14.668255,160.41964367163968,-75.29781513,119.101562,,,,,,,,
786,2014-11-02T20:51:32.608699,160.89057923903528,-75.271422,127.011719,,,,,,,,
787,2014-11-03T01:14:27.865162,160.90330317253628,-75.54819465,-4.648438,2014-11-03T01:14:28.500262,-75.47161019,160.8897694191075,116.992188,,,,
788,2014-11-04T01:11:35.706899,160.32409413114027,-75.26079597,120.507812,,,,,,,,
789,2014-11-08T12:01:15.055234,160.63557998377405,-75.35493974,-4.648438,,,,,,,,
790,2014-11-10T05:55:17.926295,160.99906053359987,-75.29978177,118.925781,,,,,,,,
791,2014-11-10T13:28:54.930270,160.2743649659554,-75.27517816,121.210938,,,,,,,,
792,2014-11-14T09:18:56.693563,160.54466038228685,-75.44127771,-4.648438,,,,,2014-11-14T09:18:58.322066,-75.41708686,160.5116514052057,-4.824219
793,2014-11-14T13:42:07.093494,160.10551523982772,-75.32124641,-4.296875,,,,,,,,
794,2014-11-14T21:52:43.354034,161.6398938899311,-75.60102708,-4.648438,,,,,2014-11-14T21:52:43.072645,-75.5182553,161.66040485763804,111.367188
795,2014-11-16T23:40:58.084120,160.80087498334544,-75.25642473,115.585938,,,,,2014-11-16T23:40:58.499373,-75.42341141,160.98576216051973,-4.648438
796,2014-11-17T08:09:28.551608,160.46802348438808,-75.45335337,-4.648438,,,,,2014-11-17T08:09:29.492837,-75.46023923,160.46575995031822,-4.824219
797,2014-11-20T12:31:30.937127,161.35707130526993,-75.3565721,122.265625,,,,,2014-11-20T12:31:32.300309,-75.47553492,161.5981571285062,86.757812
798,2014-11-20T18:02:44.696558,160.89238309858493,-75.52368254,129.296875,,,,,2014-11-20T18:02:46.600534,-75.6232849,161.00938102348968,98.007812
799,2014-11-21T19:52:16.354210,160.9968172867909,-75.32312735,139.667969,,,,,,,,
800,2014-11-24T13:46:48.724202,161.00999221246525,-75.32427698,115.761719,,,,,2014-11-24T13:46:50.560447,-75.38743131,161.00527956301136,-4.648438
801,2014-11-24T14:11:33.024926,160.55947580963027,-75.3670438,126.132812,2014-11-24T14:11:33.557458,-75.3670438,160.55947580963027,126.132812,2014-11-24T14:11:34.916732,-75.48276103,160.61321047016722,-4.824219
802,2014-11-24T18:50:16.818719,160.72416184831533,-75.36043461,123.496094,2014-11-24T18:50:16.749333,-75.36043461,160.72416184831533,123.496094,2014-11-24T18:50:18.762487,-75.43791734,160.58661077620528,-4.824219
803,2014-12-02T07:50:48.349315,160.00017410436737,-75.3636661,3.085938,2014-12-02T07:50:44.272503,-75.34449331,160.4132852788307,114.179688,2014-12-02T07:50:44.300717,-75.46731298,160.54533745724552,-4.824219
804,2014-12-08T01:37:52.421344,160.8090543300942,-75.49758179,102.578125,,,,,2014-12-08T01:37:52.737881,-75.57195984,160.9602940149061,84.648438
805,2014-12-11T10:55:31.206192,160.87620164356693,-75.24424275,131.757812,,,,,2014-12-11T10:55:30.912702,-75.24576686,160.8667927,131.230469
806,2014-12-12T04:43:29.481411,160.27078356037435,-75.2724871,131.582031,2014-12-12T04:43:29.997933,-75.2724871,160.27078356037435,131.582031,2014-12-12T04:43:29.995939,-75.27367882,160.2838543902595,131.582031
807,2014-12-14T13:36:02.107441,161.29055293386563,-75.67062812,-4.296875,,,,,,,,
808,2014-12-14T22:02:45.204371,160.60594550491325,-75.16354328,102.929688,,,,,2014-12-14T22:02:46.145523,-75.37975216,161.13404389565358,-4.648438
809,2014-12-15T20:09:41.795930,159.93351574347196,-75.34804091,-4.648438,2014-12-15T20:09:41.275950,-75.36233538,160.50677810074467,116.992188,,,,
810,2014-12-15T21:13:13.008085,160.80595890364737,-75.20974563,109.257812,,,,,2014-12-15T21:13:12.769402,-75.20974563,160.80595890364737,109.257812
811,2014-12-20T07:58:30.334810,161.2364888491139,-75.66608695,-4.296875,,,,,2014-12-20T07:58:31.181977,-75.57959096,161.15966689083643,97.304688
812,2014-12-21T02:51:17.587880,160.8490739367375,-75.4256418,80.078125,,,,,2014-12-21T02:51:16.378416,-75.47124004,160.91262548313392,71.816406
813,2014-12-21T14:27:59.803680,160.36724208795147,-75.29307496,114.882812,,,,,2014-12-21T14:28:00.456170,-75.41373275,160.55353918643934,-4.648438
814,2014-12-22T19:20:42.551523,159.85884459448434,-75.37906058,-4.648438,2014-12-22T19:20:43.449977,-75.44633587,160.17945797759552,-4.648438,2014-12-22T19:20:42.868508,-75.47536272,160.16020903928822,-4.824219
815,2014-12-23T16:07:40.204355,160.4551368901639,-75.40967789,-4.296875,,,,,2014-12-23T16:07:38.656617,-75.44362943,160.57115552881186,-4.648438
816,2014-12-26T01:52:26.476294,160.22923732261273,-75.27578812,136.328125,,,,,,,,
817,2014-12-26T06:34:04.804683,161.25181436026602,-75.61092208,-4.296875,,,,,2014-12-26T06:34:04.433860,-75.53588947,161.22679627883323,97.128906
818,2014-12-28T17:59:15.573752,160.55947580963027,-75.3670438,-4.648438,,,,,2014-12-28T17:59:13.840741,-75.37876139,160.69136972607805,-4.648438
819,2014-12-29T23:29:31.419517,160.44038842557805,-75.26189506,119.804688,,,,,2014-12-29T23:29:32.559747,-75.40918136,160.84949929750135,-4.824219
820,2014-12-30T22:43:23.426474,160.64854797974613,-75.31362521,122.265625,,,,,2014-12-30T22:43:24.820761,-75.41903049,160.74680176329906,-4.824219
821,2015-01-03T15:52:33.221309,160.3289731320629,-75.27305793,123.144531,2015-01-03T15:52:33.459498,-75.27305793,160.3289731320629,123.144531,2015-01-03T15:52:33.460838,-75.27305793,160.3289731320629,123.144531
822,2015-01-04T09:38:00.967926,159.84161963520586,-75.2423113,-4.824219,2015-01-04T09:38:00.293545,-75.26079597,160.32409413114027,112.070312,2015-01-04T09:38:00.304509,-75.40596022,160.70553325476592,-4.824219
823,2015-01-05T03:42:06.186171,160.9799204099207,-75.31929711,93.085938,,,,,,,,
824,2015-01-05T09:23:58.881257,160.97601585049082,-75.54975434,94.140625,,,,,2015-01-05T09:23:59.650550,-75.57158255,160.98330886850172,85.878906
825,2015-01-05T23:14:50.154528,160.61817387265694,-75.41003034,-4.648438,2015-01-05T23:14:51.564139,-75.41003034,160.61817387265694,-4.648438,2015-01-05T23:14:50.636512,-75.40851611,160.62771604201262,-4.824219
826,2015-01-07T18:00:17.035079,160.44311925729158,-75.28103749,114.179688,,,,,,,,
827,2015-01-10T22:09:37.476779,160.83487490736638,-75.24765504,123.847656,,,,,2015-01-10T22:09:37.063223,-75.24765504,160.83487490736638,123.496094
828,2015-01-11T15:08:11.053325,161.03613740351295,-75.34303172,128.242188,,,,,,,,
829,2015-01-13T10:45:10.775755,160.9143874964203,-75.38893509,144.414062,,,,,,,,
830,2015-01-15T06:43:08.759182,160.2243454272801,-75.23749956,123.671875,,,,,2015-01-15T06:43:08.749318,-75.23749956,160.2243454272801,123.671875
831,2015-01-16T08:01:44.137388,161.25181436026602,-75.61092208,-4.296875,,,,,2015-01-16T08:01:44.234420,-75.52979691,161.18282487109843,98.359375
832,2015-01-17T11:52:46.070582,160.67787735301212,-75.33510587,118.046875,,,,,,,,
833,2015-01-18T06:46:47.759076,161.38395885835843,-75.73485509,21.015625,,,,,,,,
834,2015-01-20T01:11:57.218490,160.9690359715034,-75.5114627,116.640625,,,,,2015-01-20T01:11:55.995129,-75.66916762,161.2171869709435,102.226562
835,2015-01-20T10:04:09.741648,161.15169444591584,-75.6401038,-4.296875,,,,,2015-01-20T10:04:09.440966,-75.57656463,161.01391337307777,92.382812
836,2015-01-23T20:02:58.489851,161.16080013696907,-75.3162015,116.992188,,,,,2015-01-23T20:02:57.897155,-75.49881858,161.4556957760458,87.988281
837,2015-01-25T03:51:21.060833,160.5480933672533,-75.20551558,109.960938,,,,,2015-01-25T03:51:20.219767,-75.3763314,161.0130117775661,-4.824219
838,2015-01-26T10:42:40.604799,161.16819237326393,-75.35447106,136.679688,,,,,,,,
839,2015-01-26T10:42:54.524115,159.45658070902707,-75.04667367,-4.648438,,,,,,,,
840,2015-01-27T04:35:09.590978,160.70687909710443,-75.47448895,112.070312,,,,,,,,
841,2015-01-27T14:51:05.450405,160.56158415805922,-75.4451414,-4.824219,2015-01-27T14:51:04.929465,-75.43992174,160.6359197880268,-4.648438,,,,
842,2015-01-28T07:47:08.321398,160.23147527648575,-75.24288271,119.804688,,,,,,,,
843,2015-01-29T18:39:51.463251,160.60346660391377,-75.39928475,105.039062,,,,,,,,
844,2015-01-30T06:07:16.008006,160.03744853808774,-75.20843337,-4.824219,2015-01-30T06:07:15.488107,-74.9858655,159.51540469105078,131.757812,2015-01-30T06:07:15.808324,-75.53553842,159.8324605482914,6.425781
845,2015-01-30T18:21:37.188061,159.53760847258238,-75.66750783,33.671875,2015-01-30T18:21:32.148438,-75.94634296,160.10258882394893,21.015625,2015-01-30T18:21:37.139271,-75.47343956,159.75084241275275,-4.648438
846,2015-01-30T18:21:37.923052,160.4548367842419,-75.27264797,106.445312,,,,,,,,
847,2015-01-31T10:44:34.517737,160.32519744833778,-75.36490722,-4.648438,,,,,2015-01-31T10:44:33.810109,-75.4261372,160.45426147238362,-4.824219
848,2015-01-31T14:32:43.785576,160.41511706169953,-75.31158136,119.453125,,,,,,,,
849,2015-02-01T12:06:53.241586,160.26052866028817,-75.3424957,-4.824219,2015-02-01T12:06:53.643052,-75.36127014,160.38967229657584,-4.648438,2015-02-01T12:06:52.703278,-75.41364401,160.51276912042476,-4.912109
850,2015-02-01T21:12:04.587978,160.51852449591289,-75.35394109,117.695312,2015-02-01T21:12:03.801828,-75.35394109,160.51852449591289,117.695312,2015-02-01T21:12:05.170676,-75.47352665,160.58884515196365,-4.648438
851,2015-02-02T09:17:16.029714,160.22658852342124,-75.20459695,134.570312,,,,,,,,
852,2015-02-03T19:21:21.624685,160.38166729271367,-75.30383328,116.289062,,,,,2015-02-03T19:21:21.202529,-75.30383328,160.38166729271367,115.585938
853,2015-02-04T16:41:17.620625,160.3384555524617,-75.2715563,109.257812,2015-02-04T16:41:16.591625,-75.2715563,160.3384555524617,109.257812,2015-02-04T16:41:16.748861,-75.40499751,160.58805935854943,-4.824219
854,2015-02-04T16:46:43.350117,160.56828102837534,-75.33950266,111.367188,,,,,,,,
855,2015-02-05T09:03:48.351526,160.07514861500877,-75.22849687,129.648438,,,,,,,,
856,2015-02-05T23:23:45.587182,160.0350203742157,-75.21531113,116.992188,,,,,,,,
857,2015-02-06T13:20:26.916722,161.1051795658498,-75.6738282,-1.484375,,,,,,,,
858,2015-02-07T03:59:08.830648,161.49274275606564,-75.74385703,5.546875,,,,,,,,
859,2015-02-11T10:11:48.099508,160.44429560876367,-75.47013981,-4.648438,2015-02-11T10:11:48.369595,-75.47250335,160.47082749482968,-4.648438,,,,
860,2015-02-12T05:48:36.443729,160.41964367163968,-75.29781513,113.476562,,,,,,,,
861,2015-02-13T13:00:42.989326,160.42779583546496,-75.35524988,109.960938,,,,,,,,
862,2015-02-13T13:05:02.805201,159.8642508,-75.32147241,-4.912109,2015-02-13T13:05:03.707594,-75.34578306,160.11495239541725,-4.648438,,,,
863,2015-02-14T04:40:02.277616,160.9903081582666,-75.37671152,105.039062,,,,,,,,
864,2015-02-14T15:22:33.899213,160.14141250299735,-75.24407636,126.835938,,,,,,,,
865,2015-02-14T23:51:20.711681,160.1935645230688,-75.24886846,121.210938,,,,,2015-02-14T23:51:22.001275,-75.43321448,160.5336451119409,-4.824219
866,2015-02-15T19:32:02.359307,160.4478413789388,-75.40429993,-4.648438,,,,,,,,
867,2015-02-17T13:48:21.955477,161.3191150805509,-75.32983149,118.398438,,,,,,,,
868,2015-02-18T02:05:49.839125,160.54738338904446,-75.54542747,-4.648438,,,,,,,,
869,2015-02-19T18:16:38.451813,160.00324508394468,-75.30472891,-4.824219,2015-02-19T18:16:38.570625,-75.24826569,160.23861038490747,128.59375,,,,
870,2015-02-22T02:20:05.194268,160.1122233184685,-75.43076065,-4.648438,2015-02-22T02:20:05.403934,-75.48427489,160.60361745679003,-4.648438,,,,
871,2015-02-24T00:44:42.432594,160.43862007677808,-75.29480369,113.828125,,,,,,,,
872,2015-02-24T01:34:47.335649,160.32409413114027,-75.26079597,129.648438,,,,,,,,
873,2015-02-25T04:08:24.555439,160.33586379964927,-75.25241304,127.539062,,,,,,,,
874,2015-02-25T20:40:14.812988,161.18309459111697,-75.43101891,99.414062,,,,,,,,
875,2015-02-25T21:16:44.564217,160.4603477081412,-75.31093411,112.773438,,,,,,,,
876,2015-02-26T03:03:12.032861,160.30562026224376,-75.31585063,118.398438,,,,,,,,
877,2015-03-01T16:49:14.473615,160.4014856145502,-75.35288196,100.117188,,,,,,,,
878,2015-03-02T18:11:02.948779,160.6389445440853,-75.45906902,-4.648438,2015-03-02T18:11:02.638898,-75.47915189,160.7600532544118,-4.648438,,,,
879,2015-03-04T06:41:23.741332,160.16624706505056,-75.41910304,-4.824219,2015-03-04T06:41:20.345796,-75.40162942,160.62989429248438,125.429688,2015-03-04T06:41:21.516055,-75.51842617,160.32322973830833,-4.824219
880,2015-03-06T21:15:43.084801,160.7706084462784,-75.38575525,100.117188,,,,,2015-03-06T21:15:44.081215,-75.43047493,160.71604657155925,-4.824219
881,2015-03-06T22:55:39.257222,160.4922018193287,-75.35158371,119.804688,,,,,,,,
882,2015-03-07T01:36:07.867519,160.84563596124846,-75.5573461,105.390625,,,,,,,,
883,2015-03-07T21:26:11.381074,161.05110790648735,-75.35374769,106.445312,,,,,2015-03-07T21:26:11.951907,-75.42876995,161.07489606001948,-4.824219
884,2015-03-08T09:43:45.709874,159.86880870368682,-75.47483495,-4.648438,2015-03-08T09:43:45.660005,-75.34922329,160.46588774218353,123.320312,2015-03-08T09:43:45.759553,-75.5298758,159.84830834972232,-0.429688
885,2015-03-09T13:26:05.066057,160.62471669398056,-75.38937075,-4.824219,2015-03-09T13:26:03.840318,-75.39054221,160.63792212809597,-4.824219,2015-03-09T13:26:03.804326,-75.38895531,160.6067484270515,-4.912109
886,2015-03-11T16:14:27.302966,160.33586379964927,-75.25241304,121.914062,,,,,2015-03-11T16:14:26.798881,-75.2539145,160.3263935538796,121.738281
887,2015-03-11T16:27:00.352604,160.5333842445602,-75.27972285,117.695312,2015-03-11T16:27:00.525340,-75.27972285,160.5333842445602,117.695312,,,,
888,2015-03-11T21:03:23.274514,160.32409413114027,-75.26079597,124.023438,,,,,,,,
889,2015-03-12T14:29:53.774059,160.59601508468947,-75.30893806,133.515625,,,,,,,,
890,2015-03-14T00:50:01.588884,160.36724208795147,-75.29307496,131.054688,,,,,2015-03-14T00:50:01.602551,-75.29307496,160.36724208795147,131.054688
891,2015-03-14T17:02:12.784874,160.74942944545754,-75.45463665,105.390625,,,,,2015-03-14T17:02:13.521608,-75.5566122,160.8916234277104,82.539062
892,2015-03-15T12:29:38.168413,160.27794769476844,-75.27786917,-4.824219,2015-03-15T12:29:37.031637,-75.19576105,160.64942740054124,128.945312,2015-03-15T12:29:37.080513,-75.44538312,160.3524978218396,-2.011719
893,2015-03-17T20:35:20.248345,160.6005012915501,-75.38013946,114.882812,2015-03-17T20:35:20.279126,-75.38013946,160.6005012915501,114.882812,2015-03-17T20:35:21.266761,-75.4564685,160.48973485534313,-4.912109
894,2015-03-18T12:20:04.635167,160.56833742561042,-75.25453901,151.445312,,,,,2015-03-18T12:20:04.866101,-75.25453901,160.56833742561042,151.445312
895,2015-03-18T12:20:46.756551,160.23909869539793,-75.35237443,-4.296875,2015-03-18T12:20:45.198736,-75.50974766,160.73233978285748,-4.296875,,,,
896,2015-03-18T19:41:20.260709,160.44311925729158,-75.28103749,140.898438,,,,,2015-03-18T19:41:20.804216,-75.28103749,160.44311925729158,140.898438
897,2015-03-19T14:39:55.781532,160.5399840012046,-75.54005092,-3.59375,2015-03-19T14:39:55.249687,-75.62634634,160.99008819075993,78.671875,2015-03-19T14:39:55.107574,-75.56965278,160.93349732849686,93.085938
898,2015-03-21T19:37:52.261627,161.37161377655113,-75.30143586,-4.296875,,,,,2015-03-21T19:37:52.763607,-75.38161168,161.48597085156197,2.382812
899,2015-03-27T20:15:23.216069,160.46311405515476,-75.33007832,119.804688,,,,,,,,
900,2015-03-29T14:33:27.511327,159.94511209534124,-75.21642605,129.648438,2015-03-29T14:33:28.140894,-75.21642605,159.94511209534124,129.648438,2015-03-29T14:33:28.078942,-75.41856737,160.68800830017773,-4.824219
901,2015-03-30T15:13:43.058299,160.35283817526553,-75.28231596,131.054688,,,,,2015-03-30T15:13:44.368808,-75.45066616,160.65069274768004,-4.648438
902,2015-03-30T17:39:30.743232,160.20068852449523,-75.25425272,127.890625,2015-03-30T17:39:31.114098,-75.25425272,160.20068852449523,127.890625,2015-03-30T17:39:32.080321,-75.4403499,160.2178942696439,-4.648438
903,2015-03-31T02:39:25.667224,160.20771857572677,-75.22060111,-4.912109,2015-03-31T02:39:24.667213,-75.16959102,160.56839318160678,131.757812,2015-03-31T02:39:27.459215,-75.21985299,160.21244923088446,-4.824219
904,2015-04-01T04:58:13.179127,160.23030327602905,-75.53611915,93.085938,2015-04-01T04:58:13.254443,-75.57742825,160.21592254741935,85.703125,2015-04-01T04:58:13.709002,-75.55554577,160.31514939121033,85.527344
905,2015-04-02T04:31:14.416942,160.25771486887422,-75.27129461,98.535156,,,,,2015-04-02T04:31:12.659406,-75.40768425,160.5917327149886,-4.648438
906,2015-04-05T05:20:39.324305,160.62390065261758,-75.36334009,123.320312,2015-04-05T05:20:39.017991,-75.36334009,160.62390065261758,123.320312,2015-04-05T05:20:40.470044,-75.43000385,160.6572074458146,-4.824219
907,2015-04-05T05:22:26.216032,160.33386035127202,-75.28532011,127.890625,,,,,,,,
908,2015-04-07T00:06:42.513892,160.5331226552611,-75.36469111,119.101562,,,,,,,,
909,2015-04-07T13:19:38.631171,160.38716720298382,-75.27361374,119.277344,,,,,,,,
910,2015-04-09T09:40:58.112217,161.0864692906031,-75.61102325,51.601562,,,,,2015-04-09T09:40:57.546247,-75.54897738,160.93965750635104,76.738281
911,2015-04-10T04:53:04.186824,160.42234982090926,-75.38547574,-4.824219,,,,,,,,
912,2015-04-11T00:40:52.891438,160.32519744833778,-75.36490722,-4.648438,2015-04-11T00:40:55.929917,-75.36127014,160.38967229657584,-4.648438,,,,
913,2015-04-11T02:29:08.143456,160.5331226552611,-75.36469111,117.695312,,,,,2015-04-11T02:29:09.253895,-75.43892292,160.51817392279182,-4.648438
914,2015-04-11T03:18:02.629184,161.27398608808969,-75.36356723,126.132812,,,,,2015-04-11T03:18:02.613424,-75.41538432,161.44107012675374,116.289062
915,2015-04-13T04:54:31.019139,160.52454913282156,-75.30725907,113.476562,,,,,2015-04-13T04:54:30.968330,-75.48769515,161.15816080914465,81.660156
916,2015-04-13T17:38:03.702735,160.52502888994152,-75.37577398,-4.824219,2015-04-13T17:38:05.053781,-75.37341725,160.49866548207342,-4.824219,2015-04-13T17:38:04.020909,-75.4207007,160.59211262473977,-4.912109
917,2015-04-14T00:13:11.142053,160.08401124247527,-75.33110997,-4.824219,2015-04-14T00:13:10.587860,-75.33309206,160.44409659755033,125.078125,2015-04-14T00:13:11.582161,-75.4268849,160.1998482193916,-4.824219
918,2015-04-16T10:23:23.443101,160.28617484026455,-75.26679757,-4.648438,2015-04-16T10:23:22.458162,-75.18637761,160.54523952384054,121.914062,2015-04-16T10:23:24.466091,-75.27393114,160.36460868694311,-4.648438
919,2015-04-18T17:26:21.114800,160.19000447034153,-75.24617627,108.730469,,,,,2015-04-18T17:26:21.285234,-75.42531749,160.60424783260268,-4.824219
920,2015-04-18T21:33:42.768896,160.34259158059893,-75.42085133,-4.824219,2015-04-18T21:33:44.556915,-75.42581071,160.47705606778004,-4.648438,2015-04-18T21:33:43.787864,-75.41950592,160.34077627373645,-4.912109
921,2015-04-19T10:17:05.997665,160.39504431600628,-75.39956518,-4.648438,,,,,2015-04-19T10:17:07.004853,-75.44731872,160.50635801986152,-4.648438
922,2015-04-21T02:42:17.922558,160.5100148956661,-75.29650983,118.398438,,,,,2015-04-21T02:42:19.450782,-75.40734401,160.61449500062605,-4.824219
923,2015-04-21T12:13:20.134909,160.34882767632405,-75.5372668,-4.648438,,,,,2015-04-21T12:13:21.963926,-75.57278949,160.4559621120907,-4.824219
924,2015-04-21T13:40:11.036504,161.04392222871195,-75.63094469,-4.296875,,,,,2015-04-21T13:40:10.882420,-75.57769937,161.10980373922848,95.019531
925,2015-04-22T17:29:31.766362,160.60784131843133,-75.38551222,115.234375,,,,,2015-04-22T17:29:33.253285,-75.43523034,160.58293066983268,-4.648438
926,2015-04-23T15:37:53.761918,161.3983837701595,-75.33660501,-4.648438,,,,,,,,
927,2015-04-24T06:34:44.089114,160.58878121629343,-75.38853847,111.367188,,,,,2015-04-24T06:34:44.908765,-75.44816414,160.54243538884953,-4.824219
928,2015-04-25T11:57:37.772149,159.98523430845995,-75.31727824,-4.824219,2015-04-25T11:57:39.180917,-75.35176236,160.2844643366203,-4.648438,2015-04-25T11:57:38.422849,-75.41062398,160.5318783190615,-4.912109
929,2015-04-26T09:11:10.366144,160.23392829313923,-75.26202675,124.726562,,,,,2015-04-26T09:11:10.325993,-75.26471833,160.2375003261189,124.902344
930,2015-04-26T20:51:13.398868,159.98309930567157,-75.29812938,-4.824219,2015-04-26T20:51:15.583053,-75.34668607,160.25458718884633,-4.824219,2015-04-26T20:51:13.042231,-75.53135756,159.83860378300471,1.152344
931,2015-04-27T07:49:28.655352,160.61518684653223,-75.39088479,112.070312,,,,,2015-04-27T07:49:29.442493,-75.45051616,160.56894284322533,-4.824219
932,2015-04-30T23:07:52.892063,160.74200137396593,-75.44926769,-4.648438,,,,,2015-04-30T23:07:54.095769,-75.42580226,160.6630661,-4.824219
933,2015-05-01T00:06:37.674944,160.64765415340912,-75.43151939,-4.648438,,,,,,,,
934,2015-05-01T14:36:44.447191,161.76530706807569,-75.7661395,35.078125,,,,,2015-05-01T14:36:44.889678,-75.53782986,161.19427948889881,97.128906
935,2015-05-04T05:45:45.876108,160.31075336330034,-75.35414387,114.882812,,,,,2015-05-04T05:45:47.349241,-75.52476396,160.5540901434472,-4.824219
936,2015-05-04T11:25:37.131319,160.85001947008286,-75.24192755,105.742188,,,,,2015-05-04T11:25:36.462009,-75.37400296,161.14920807016205,-4.824219
937,2015-05-05T21:50:22.630401,160.2200055598936,-75.35536944,-4.648438,2015-05-05T21:50:23.875956,-75.32168689,160.4748595832565,122.617188,2015-05-05T21:50:25.055743,-75.42715504,160.47888487621003,-4.912109
938,2015-05-06T06:31:55.045636,160.45135492825597,-75.33846931,-4.648438,,,,,2015-05-06T06:31:55.273702,-75.42043083,160.655685,-4.824219
939,2015-05-07T15:07:56.374540,160.04404506740244,-75.26586954,-4.824219,2015-05-07T15:07:58.576809,-75.3110838,160.25319099432517,-4.648438,2015-05-07T15:07:55.479501,-75.41104535,160.54987139946314,-4.824219
940,2015-05-07T16:31:05.000199,161.15344673702882,-75.27793487,102.226562,,,,,2015-05-07T16:31:05.633015,-75.34564417,161.20219920478064,-4.824219
941,2015-05-09T06:34:23.064651,161.70620115144345,-75.62994904,-4.296875,2015-05-09T06:34:22.699673,-75.60859163,161.67471792055355,-4.296875,2015-05-09T06:34:21.992177,-75.4795159,161.53348918036465,121.914062
942,2015-05-10T03:55:50.039573,159.9439547908216,-75.44380553,-4.648438,2015-05-10T03:55:56.939188,-75.15844163,159.9837049878966,23.828125,2015-05-10T03:55:50.234900,-75.58105157,159.6821679864462,53.007812
943,2015-05-10T13:55:16.569724,161.21730070639924,-75.33989084,121.210938,,,,,2015-05-10T13:55:19.099753,-75.37901104,161.01675665851766,-4.648438
944,2015-05-10T18:02:59.016868,159.84082495031612,-75.32996384,-4.648438,2015-05-10T18:03:00.231025,-75.3314339,160.16508130680847,-4.648438,2015-05-10T18:02:58.644764,-75.57343455,159.62544132944396,24.003906
945,2015-05-10T23:25:59.642944,160.9272608638562,-75.31468704,102.929688,,,,,,,,
946,2015-05-13T04:30:11.030367,160.48996565925515,-75.35846831,104.160156,,,,,,,,
947,2015-05-13T15:52:22.395492,160.43052762517013,-75.37439632,-4.648438,2015-05-13T15:52:24.060715,-75.37676098,160.45688170852617,-4.648438,,,,
948,2015-05-14T05:29:16.225310,160.32925643220642,-75.29908423,105.039062,,,,,,,,
949,2015-05-15T10:45:41.473872,160.01576836386488,-75.357994,-4.824219,2015-05-15T10:45:39.019300,-75.34685982,160.4395822038932,116.992188,,,,
950,2015-05-16T02:06:32.177776,160.75792407940375,-75.19132661,118.046875,,,,,,,,
951,2015-05-16T17:51:30.540002,160.62959062029677,-75.31665441,105.039062,,,,,,,,
952,2015-05-17T20:32:35.860776,161.20231207509562,-75.26336028,126.835938,,,,,,,,
953,2015-05-18T15:11:38.963664,160.86234717263582,-75.50222114,-4.296875,,,,,,,,
954,2015-05-18T15:12:42.990792,160.29038201421963,-75.20098927,128.242188,,,,,,,,
955,2015-05-19T22:02:24.331198,160.36885740910958,-75.58634288,-4.648438,2015-05-19T22:02:23.207980,-75.43245128,160.76534795072232,133.164062,,,,
956,2015-05-20T00:40:53.712351,160.46311405515476,-75.33007832,132.460938,,,,,,,,
957,2015-05-20T22:41:04.890104,160.31487467468907,-75.28832267,112.070312,,,,,,,,
958,2015-05-21T11:31:34.178456,160.50149453956655,-75.39256356,-4.824219,2015-05-21T11:31:35.390487,-75.39492006,160.5278933660604,-4.824219,,,,
959,2015-05-21T20:26:44.389732,161.0129480723451,-75.64243428,-4.648438,,,,,,,,
960,2015-05-22T07:07:03.780628,161.02821671676767,-75.65315863,1.679688,,,,,,,,
961,2015-05-25T14:41:14.613662,160.08751746802398,-75.55166222,81.132812,2015-05-25T14:41:13.500598,-75.67798545,160.06967749395852,60.390625,,,,
962,2015-05-28T05:02:53.179037,160.2768798258028,-75.29432306,112.773438,,,,,,,,
963,2015-05-28T15:25:59.791942,160.3072035720589,-75.23089229,119.804688,2015-05-28T15:25:59.303379,-75.23089229,160.3072035720589,119.804688,,,,
964,2015-06-01T07:52:31.231927,161.0939958066771,-75.20219334,147.578125,,,,,,,,
965,2015-06-01T20:58:26.655876,160.39077037611008,-75.27630295,121.914062,2015-06-01T20:58:26.407001,-75.27630295,160.39077037611008,121.914062,,,,
966,2015-06-02T23:51:10.283992,161.21361655880392,-75.18911704,145.820312,,,,,,,,
967,2015-06-02T23:51:14.830737,160.79992231854445,-75.28933514,103.984375,,,,,,,,
968,2015-06-03T05:08:06.423112,160.18673269913916,-75.50379713,-4.648438,2015-06-03T05:08:07.057767,-75.51651533,160.64806736688573,-4.648438,,,,
969,2015-06-07T19:42:05.653652,160.52011901435253,-75.32102767,123.671875,2015-06-07T19:42:03.222812,-75.32102767,160.52011901435253,123.671875,,,,
970,2015-06-08T12:57:19.812959,159.81465727286172,-75.52204045,-0.078125,2015-06-08T12:57:19.395163,-75.52691106,159.86771142510642,-1.484375,,,,
971,2015-06-10T03:14:56.775952,159.92188270028103,-75.33037494,-4.824219,2015-06-10T03:14:56.515833,-75.2632214,160.14374743544823,121.914062,,,,
972,2015-06-10T03:15:56.105367,160.1674842161351,-75.24647391,113.476562,,,,,,,,
973,2015-06-10T14:22:08.791915,160.5100148956661,-75.29650983,129.648438,,,,,,,,
974,2015-06-10T17:54:07.406198,161.13809915172322,-75.33305385,119.804688,,,,,,,,
975,2015-06-12T18:14:45.473150,160.58583748927583,-75.36939343,110.664062,2015-06-12T18:14:44.887146,-75.36939343,160.58583748927583,110.664062,,,,
976,2015-06-13T16:30:28.731996,159.7100765672684,-75.31775453,-4.648438,2015-06-13T16:30:30.561292,-75.38551222,160.60784131843133,-4.296875,,,,
977,2015-06-14T02:17:44.234578,160.4955021417904,-75.28575991,104.335938,,,,,,,,
978,2015-06-14T22:19:10.178002,160.54504872353604,-75.27132869,127.539062,2015-06-14T22:19:11.195413,-75.27132869,160.54504872353604,127.539062,,,,
979,2015-06-17T03:46:49.308526,160.69445517636524,-75.39790542,119.804688,,,,,,,,
980,2015-06-18T00:30:47.538831,160.31205840775297,-75.24315381,120.332031,,,,,,,,
981,2015-06-18T19:21:47.146397,161.64821608242806,-75.49378292,85.703125,,,,,,,,
982,2015-06-22T00:43:05.937656,160.5100148956661,-75.29650983,131.054688,,,,,,,,
983,2015-06-23T14:07:05.671273,161.11898513227848,-75.36904107,126.132812,2015-06-23T14:07:05.744715,-75.36904107,161.11898513227848,126.132812,,,,
984,2015-06-25T06:28:47.967030,160.39235473453866,-75.38041728,-4.648438,2015-06-25T06:28:50.212648,-75.39693701,160.57704753017177,-4.648438,,,,
985,2015-06-26T03:53:23.316327,160.46206895069477,-75.27802418,123.671875,,,,,,,,
986,2015-06-28T16:47:02.329797,161.05617396496245,-75.24123104,112.070312,,,,,,,,
987,2015-06-30T19:41:18.971563,160.35151702825053,-75.36728406,-4.648438,2015-06-30T19:41:18.168572,-75.32270809,160.5916521876429,125.429688,,,,
988,2015-07-03T02:36:13.156153,161.06253173288857,-75.34532572,121.210938,,,,,,,,
989,2015-07-04T10:29:57.908066,160.61062535652442,-75.31968204,122.96875,,,,,,,,
990,2015-07-07T15:43:33.677713,161.19462832760843,-75.35674972,126.132812,,,,,,,,
991,2015-07-10T13:27:42.693993,160.3548131674585,-75.43849862,-4.296875,,,,,,,,
992,2015-07-10T14:58:34.620354,160.56828102837534,-75.33950266,129.648438,2015-07-10T14:58:35.175235,-75.33950266,160.56828102837534,129.648438,,,,
993,2015-07-12T13:34:43.651008,160.3525055433332,-75.35082725,-3.066406,2015-07-12T13:34:42.555359,-75.34554635,160.53025728001782,-4.648438,,,,
994,2015-07-13T21:36:52.118787,160.96961441073017,-75.26188934,130.351562,,,,,,,,
995,2015-07-15T08:33:00.878285,159.92937862352494,-75.30974046,-4.648438,2015-07-15T08:33:02.335152,-75.21828805,160.01606449300775,112.421875,,,,
996,2015-07-16T12:30:07.778007,160.4178492355732,-75.26221779,120.332031,,,,,,,,
997,2015-07-18T07:11:31.846953,161.1574117384744,-75.23124651,120.507812,,,,,,,,
998,2015-07-20T05:20:59.244095,160.43052762517013,-75.37439632,-4.648438,,,,,,,,
999,2015-07-21T23:36:41.108291,160.2693549880691,-75.23689065,125.429688,,,,,,,,
1000,2015-07-23T12:58:41.124990,160.32667190580472,-75.27993972,116.992188,2015-07-23T12:58:41.182237,-75.27993972,160.32667190580472,116.992188,,,,
1001,2015-07-23T14:12:21.671260,161.99022951941433,-75.47039048,-4.648438,,,,,,,,
1002,2015-07-25T15:45:38.454510,161.03613740351295,-75.34303172,124.023438,,,,,,,,
1003,2015-07-26T05:08:16.956479,160.60660848656542,-75.50342441,-4.648438,2015-07-26T05:08:18.074685,-75.50342441,160.60660848656542,-4.648438,,,,
1004,2015-07-26T22:49:33.991927,160.28617484026455,-75.26679757,124.726562,,,,,,,,
1005,2015-07-28T08:59:25.254351,160.2575596409948,-75.24526982,119.101562,,,,,,,,
1006,2015-07-29T02:53:42.739221,160.95170720344936,-75.21558219,-4.824219,,,,,,,,
1007,2015-07-30T08:45:19.586826,160.80026586179343,-75.40722334,124.023438,,,,,,,,
1008,2015-07-30T15:01:26.197788,161.82328454283203,-75.48481721,-4.648438,,,,,,,,
1009,2015-08-02T06:21:22.227685,160.3450211245487,-75.22488763,131.757812,,,,,,,,
1010,2015-08-04T20:48:16.618877,160.9348224072683,-75.50379368,5.898438,2015-08-04T20:48:16.953788,-75.45477789,160.91297951817876,73.398438,,,,
1011,2015-08-05T00:13:11.101323,160.79975267022513,-75.23040231,123.847656,,,,,,,,
1012,2015-08-12T14:05:42.009660,160.50677810074467,-75.36233538,-4.648438,,,,,,,,
1013,2015-08-13T10:27:46.278214,160.36724208795147,-75.29307496,129.648438,2015-08-13T10:27:46.748593,-75.29307496,160.36724208795147,129.648438,,,,
1014,2015-08-13T10:27:47.502274,160.7758350947593,-75.33906377,124.726562,,,,,,,,
1015,2015-08-15T18:02:42.152121,160.49452832162697,-75.45571406,-4.648438,,,,,,,,
1016,2015-08-15T18:03:56.116999,159.9188045755424,-75.30165024,-4.824219,2015-08-15T18:03:55.686225,-75.30677027,159.94847148658292,-4.296875,,,,
1017,2015-08-17T19:24:52.499830,161.3460916695663,-75.39792796,89.570312,,,,,,,,
1018,2015-08-19T11:50:45.196115,160.87893041906116,-75.44710145,113.828125,,,,,,,,
1019,2015-08-19T11:53:10.559657,160.42507128810536,-75.33610421,112.773438,,,,,,,,
1020,2015-08-19T16:37:27.417834,159.97320988950878,-75.23799189,-4.648438,2015-08-19T16:37:27.966746,-75.36293253,160.99430815698778,-4.296875,,,,
1021,2015-08-21T03:31:17.631782,160.74418701616773,-75.38342702,-4.648438,,,,,,,,
1022,2015-08-21T08:55:25.557582,160.4205629749029,-75.21285947,174.648438,,,,,,,,
1023,2015-08-24T15:20:39.305487,160.73884180389138,-75.43012221,119.804688,,,,,,,,
1024,2015-08-25T03:46:44.547547,161.36865197420028,-75.38105249,124.726562,,,,,,,,
1025,2015-08-26T01:44:43.269511,160.49784179722627,-75.38987545,-4.648438,,,,,,,,
1026,2015-09-02T04:07:40.365403,160.37747337393554,-75.34362766,135.097656,,,,,2015-09-02T04:07:40.535503,-75.35288196,160.4014856145502,135.273438
1027,2015-09-02T11:31:44.169317,160.1888073,-75.23660425,111.191406,,,,,2015-09-02T11:31:43.746779,-75.23660425,160.1888073,111.191406
1028,2015-09-06T05:21:08.066245,160.00472986102582,-75.17461058,110.664062,,,,,2015-09-06T05:21:10.349143,-75.27334143,160.59378839205544,-4.824219
1029,2015-09-08T17:10:30.173179,160.62952227666804,-75.50308259,-4.824219,2015-09-08T17:10:27.469922,-75.43397136,160.75580442084888,121.738281,2015-09-08T17:10:29.032555,-75.50594061,160.62176964538287,-4.912109
1030,2015-09-11T18:12:59.987610,161.1721308875932,-75.30777471,107.148438,,,,,2015-09-11T18:13:01.341232,-75.35793777,161.1266204039368,-4.824219
1031,2015-09-15T16:01:59.433766,161.08401538830836,-75.26954364,174.121094,,,,,2015-09-15T16:02:07.496046,-75.46374763,160.69203968388555,-4.648438
1032,2015-09-17T18:46:20.779795,161.20593419597378,-75.38123833,106.796875,,,,,2015-09-17T18:46:21.438671,-75.49122278,161.4212535619523,100.996094
1033,2015-09-19T00:37:02.921164,160.61220775482303,-75.37174001,119.804688,,,,,2015-09-19T00:37:04.380552,-75.43723553,160.6322299782269,-4.824219
1034,2015-09-19T12:51:05.494993,160.4607010579042,-75.44797533,-4.296875,,,,,,,,
1035,2015-09-22T12:02:43.719561,160.89760475820287,-75.29323986,116.289062,,,,,2015-09-22T12:02:43.974591,-75.4425223,161.15266116591647,92.03125
1036,2015-09-22T18:08:16.767097,160.75686310554627,-75.46000543,124.726562,,,,,2015-09-22T18:08:19.606350,-75.56952574,160.76863159746466,88.515625
1037,2015-09-24T08:45:00.905698,160.8081044706263,-75.53050929,110.664062,,,,,2015-09-24T08:45:01.446328,-75.63820351,160.93595786980111,87.636719
1038,2015-09-24T08:46:53.629035,160.88252476983115,-75.61711214,-0.078125,,,,,,,,
1039,2015-10-01T18:26:18.527890,159.9478598629892,-75.65752895,0.625,2015-10-01T18:26:17.338361,-75.63251126,160.19661827408626,-4.296875,2015-10-01T18:26:20.681677,-75.43785936,159.98248187703578,0.976562
1040,2015-10-01T18:26:21.939688,160.3238207693412,-75.23477183,107.675781,,,,,2015-10-01T18:26:22.327273,-75.39171291,160.65112970164807,-4.824219
1041,2015-10-05T09:42:09.188357,161.0542818138429,-75.40580484,106.796875,,,,,2015-10-05T09:42:10.411435,-75.4486686,160.95113010954137,-4.648438
1042,2015-10-07T05:17:51.930223,161.03760369497095,-75.22783964,128.417969,,,,,2015-10-07T05:17:51.555388,-75.22783964,161.03760369497095,128.417969
1043,2015-10-07T05:57:48.080260,159.9074499356386,-75.46890108,-4.648438,2015-10-07T05:57:47.067601,-75.28468918,160.37901301353028,128.945312,2015-10-07T05:57:47.311626,-75.50330279,159.89475360875565,-2.363281
1044,2015-10-08T04:04:13.710923,159.8352752189474,-75.46700354,-1.484375,2015-10-08T04:04:12.690887,-75.33715114,160.5419764995556,119.101562,2015-10-08T04:04:12.900644,-75.54268048,159.80688466696546,3.964844
1045,2015-10-14T09:10:08.575785,161.10860906922684,-75.24581034,111.367188,,,,,2015-10-14T09:10:08.949017,-75.32983149,161.3191150805509,-4.648438
1046,2015-10-17T03:07:21.398687,160.95457632969828,-75.46781176,-4.648438,2015-10-17T03:07:22.324844,-75.46781176,160.95457632969828,-4.648438,2015-10-17T03:07:22.855833,-75.4143651,160.6938533490898,-4.824219
1047,2015-10-21T23:05:53.418695,161.1310031867287,-75.26187344,126.484375,,,,,2015-10-21T23:05:55.121564,-75.3751774,161.08111539602643,-4.648438
1048,2015-10-22T02:42:39.747744,160.48379751648744,-75.29415176,125.429688,,,,,2015-10-22T02:42:39.844709,-75.42510516,160.7086433226441,-4.824219
1049,2015-10-23T00:10:15.371532,160.29797115523522,-75.2584165,126.835938,,,,,2015-10-23T00:10:15.448458,-75.2584165,160.29797115523522,126.835938
1050,2015-10-24T04:41:23.634732,160.95358644280535,-75.3169936,107.851562,,,,,2015-10-24T04:41:25.565048,-75.37440894,160.96386810164574,-4.648438
1051,2015-10-27T09:15:39.303859,161.23992044746583,-75.32303031,116.992188,,,,,,,,
1052,2015-10-28T02:33:56.094502,160.48157287301555,-75.19005765,134.570312,,,,,2015-10-28T02:33:54.220489,-75.52623485,161.53068182888092,105.742188
1053,2015-10-28T13:41:02.284635,161.20593419597378,-75.38123833,122.265625,,,,,2015-10-28T13:41:03.342332,-75.53019711,161.4657662809428,85.351562
1054,2015-10-30T01:39:45.448173,159.99585671954125,-75.3253656,-4.648438,2015-10-30T01:39:47.455336,-75.35775844,160.2462905267052,-4.648438,2015-10-30T01:39:45.033142,-75.53310052,159.80591896166516,1.503906
1055,2015-10-31T17:16:32.923552,161.29640837599877,-75.31378483,122.265625,,,,,2015-10-31T17:16:32.334219,-75.50757643,161.64480815450133,102.929688
1056,2015-11-01T14:50:45.768476,160.5538234681172,-75.24379382,126.132812,,,,,,,,
1057,2015-11-01T17:55:50.539410,161.1153453895089,-75.34990453,118.398438,,,,,,,,
1058,2015-11-02T06:49:58.519874,160.71777412964838,-75.38109574,124.023438,2015-11-02T06:49:56.871929,-75.38109574,160.71777412964838,124.023438,2015-11-02T06:49:58.121922,-75.47923333,160.84196740491402,-4.824219
1059,2015-11-03T11:36:36.260299,160.60784131843133,-75.38551222,106.796875,,,,,,,,
1060,2015-11-03T12:17:26.071488,160.5545076866327,-75.26981798,125.957031,,,,,2015-11-03T12:17:26.042640,-75.26981798,160.5545076866327,125.957031
1061,2015-11-04T02:21:22.623247,160.2743649659554,-75.27517816,126.835938,,,,,2015-11-04T02:21:22.740727,-75.45169101,160.58219978250094,-4.824219
1062,2015-11-07T08:02:25.449873,159.8472777528626,-75.36138961,-4.824219,2015-11-07T08:02:27.125259,-75.3721264,160.1961509732995,-4.648438,2015-11-07T08:02:24.106853,-75.61372496,159.70171785348134,6.777344
1063,2015-11-07T20:40:41.833534,160.93955907545023,-75.4570868,69.179688,2015-11-07T20:40:41.879097,-75.42721835,160.92116296980726,80.429688,2015-11-07T20:40:41.662640,-75.47011588,160.98118664487896,69.179688
1064,2015-11-08T18:28:13.446348,160.4105818470673,-75.3253479,125.429688,,,,,2015-11-08T18:28:15.509907,-75.46626722,160.42737400109758,-4.824219
1065,2015-11-09T23:32:54.507126,160.3030638606611,-75.29670516,122.617188,,,,,,,,
1066,2015-11-11T01:11:20.071649,160.49784179722627,-75.38987545,-4.648438,,,,,2015-11-11T01:11:20.095770,-75.42697158,160.67630798407092,-4.824219
1067,2015-11-11T19:43:56.560192,160.99624856701527,-75.48083841,-4.648438,,,,,2015-11-11T19:43:56.320414,-75.4613149,161.01558144181334,94.316406
1068,2015-11-11T19:44:03.150273,161.0660754837794,-75.01628008,-4.648438,,,,,2015-11-11T19:44:04.208617,-75.04611008,161.08425301756648,-3.945312
